,,,,,,,Playing Time,Playing Time,Playing Time,Playing Time,Performance,Performance,Performance,Performance,Performance,Performance,Performance,Per 90 Minutes,Per 90 Minutes,Per 90 Minutes,Per 90 Minutes,Per 90 Minutes,,-additional
Rk,Player,Nation,Pos,Squad,Age,Born,MP,Starts,Min,90s,Gls,Ast,G-PK,PK,PKatt,CrdY,CrdR,Gls,Ast,G+A,G-PK,G+A-PK,Matches,-9999
1,Samuel Abifade,de GER,MFFW,Meppen,23-108,1999,15,12,1006,11.2,3,0,3,0,0,3,0,0.27,0.00,0.27,0.27,0.27,Matches,7bd1ae6a
2,Daniel Adamczyk,de GER,GK,Osnabrück,20-173,2002,6,6,540,6.0,0,0,0,0,0,1,0,0.00,0.00,0.00,0.00,0.00,Matches,5dbba7fe
3,Ayodele Adetula,de GER,FW,VfB Oldenburg,24-328,1998,8,2,295,3.3,1,0,1,0,0,0,0,0.31,0.00,0.31,0.31,0.31,Matches,15794cce
4,Prince Adu-Addae Aning,nl NED,MF,Dortmund II,18-255,2004,7,2,294,3.3,0,0,0,0,0,0,0,0.00,0.00,0.00,0.00,0.00,Matches,6d0b05f5
5,Marvin Ajani,de GER,MF,MSV Duisburg,29-091,1993,17,17,1261,14.0,0,1,0,0,0,1,0,0.00,0.07,0.07,0.00,0.07,Matches,a556819f
6,Cyrill Akono,de GER,FW,Verl,22-308,2000,17,10,980,10.9,5,1,5,0,0,2,0,0.46,0.09,0.55,0.46,0.55,Matches,b112b191
7,Michael Akoto,de GER,MFDF,Dresden,25-299,1997,11,10,857,9.5,0,2,0,0,0,2,0,0.00,0.21,0.21,0.00,0.21,Matches,42d7f621
8,Ben Alexander Voll,de GER,GK,Viktoria Köln,22-025,2000,16,16,1440,16.0,0,0,0,0,0,0,0,0.00,0.00,0.00,0.00,0.00,Matches,ee8ad906
9,Beyhan Ametov,de GER,MF,Meppen,24-057,1998,2,0,30,0.3,0,0,0,0,0,1,0,0.00,0.00,0.00,0.00,0.00,Matches,1aabba25
10,Youssef Amyn,de GER,MF,Viktoria Köln,19-135,2003,1,1,78,0.9,1,0,1,0,0,0,0,1.15,0.00,1.15,1.15,1.15,Matches,10c12f22
11,Nicolas Andermatt,ch SUI,MF,SpVgg Bayreuth,27-058,1995,15,10,807,9.0,0,1,0,0,0,4,0,0.00,0.11,0.11,0.00,0.11,Matches,a994567b
12,Nico Antonitsch,at AUT,DF,Ingolstadt 04,31-095,1991,3,1,133,1.5,0,0,0,0,0,2,1,0.00,0.00,0.00,0.00,0.00,Matches,05e2f1e4
13,Marcel Appiah,de GER,DF,VfB Oldenburg,34-283,1988,15,15,1350,15.0,0,0,0,0,0,2,0,0.00,0.00,0.00,0.00,0.00,Matches,8e5f2cf3
14,Ahmet Arslan,tr TUR,MFFW,Dresden,28-279,1994,15,15,1171,13.0,8,1,6,2,2,5,0,0.61,0.08,0.69,0.46,0.54,Matches,d63e97c6
15,Raphael Assibey-Mensah,de GER,DF,Zwickau,23-125,1999,7,0,159,1.8,1,0,1,0,0,0,0,0.57,0.00,0.57,0.57,0.57,Matches,acc04390
16,Noah Atubolu,de GER,GK,SC Freiburg II,20-223,2002,11,11,990,11.0,0,0,0,0,0,1,0,0.00,0.00,0.00,0.00,0.00,Matches,dbd1b101
17,Tom Baack,de GER,MF,Verl,23-296,1999,13,11,944,10.5,0,1,0,0,0,1,0,0.00,0.10,0.10,0.00,0.10,Matches,e7e3b569
18,Kebba Badjie,gm GAM,FWMF,VfB Oldenburg,23-134,1999,16,15,1176,13.1,2,1,2,0,0,1,0,0.15,0.08,0.23,0.15,0.23,Matches,67438212
19,Marvin Bakalorz,de GER,MF,MSV Duisburg,33-112,1989,17,17,1402,15.6,2,0,2,0,0,1,0,0.13,0.00,0.13,0.13,0.13,Matches,04c11885
20,Alaa Bakir,jo JOR,MFFW,MSV Duisburg,21-353,2001,4,4,207,2.3,0,1,0,0,0,0,0,0.00,0.43,0.43,0.00,0.43,Matches,59354c83
21,Markus Ballmert,de GER,DFMF,Meppen,29-037,1993,14,14,1093,12.1,0,1,0,0,0,4,0,0.00,0.08,0.08,0.00,0.08,Matches,3e94b7fb
22,Marcel Bär,de GER,FW,1860 Munich,30-209,1992,5,1,200,2.2,2,0,2,0,0,1,0,0.90,0.00,0.90,0.90,0.90,Matches,a1e9a3b5
23,André Barbosa,ch SUI,DF,SC Freiburg II,22-129,2000,2,0,10,0.1,0,0,0,0,0,0,0,0.00,0.00,0.00,0.00,0.00,Matches,1777d14e
24,Anthony Barylla,de GER,DF,Erzgebirge Aue,25-216,1997,13,10,841,9.3,0,0,0,0,0,0,0,0.00,0.00,0.00,0.00,0.00,Matches,e16d181b
25,Felix Bastians,de GER,DF,Rot-Weiss Essen,34-239,1988,16,16,1439,16.0,5,0,3,2,2,3,0,0.31,0.00,0.31,0.19,0.19,Matches,89063b3e
26,Oliver Batista-Meier,de GER,FWMF,Dresden,21-321,2001,4,0,44,0.5,0,1,0,0,0,0,0,0.00,2.05,2.05,0.00,2.05,Matches,b7828a08
27,Daniel Batz,de GER,GK,Saarbrücken,31-356,1991,17,17,1530,17.0,0,0,0,0,0,0,0,0.00,0.00,0.00,0.00,0.00,Matches,ec759ba1
28,Dominic Baumann,de GER,FW,Zwickau,27-254,1995,16,14,1003,11.1,2,0,2,0,0,1,0,0.18,0.00,0.18,0.18,0.18,Matches,ada081cc
29,Tom Baumgart,de GER,MFFW,Erzgebirge Aue,25-052,1997,10,6,446,5.0,2,0,2,0,0,1,0,0.40,0.00,0.40,0.40,0.40,Matches,e3588791
30,Mika Baur,de GER,MF,SC Freiburg II,18-178,2004,5,1,165,1.8,1,0,1,0,0,0,0,0.55,0.00,0.55,0.55,0.55,Matches,e4edafab
31,Bentley Baxter Bahn,de GER,MF,SV Waldhof,30-128,1992,16,16,1369,15.2,3,2,3,0,0,4,0,0.20,0.13,0.33,0.20,0.33,Matches,730fc923
32,Tobias Bech,dk DEN,MFFW,Ingolstadt 04,20-318,2002,14,8,805,8.9,6,1,6,0,0,2,0,0.67,0.11,0.78,0.67,0.78,Matches,eb6f92e8
33,André Becker,de GER,FW,Viktoria Köln,26-161,1996,7,4,350,3.9,3,0,3,0,0,1,0,0.77,0.00,0.77,0.77,0.77,Matches,e82dde42
34,Dominik Becker,de GER,DF,Saarbrücken,22-359,2000,5,0,133,1.5,0,0,0,0,0,0,0,0.00,0.00,0.00,0.00,0.00,Matches,0ac1ea87
35,Robin Becker,de GER,MFDF,Dresden,25-350,1997,2,2,128,1.4,0,0,0,0,0,0,0,0.00,0.00,0.00,0.00,0.00,Matches,66b473fd
36,Timo Beermann,de GER,DF,Osnabrück,32-024,1990,12,12,1067,11.9,0,1,0,0,0,2,0,0.00,0.08,0.08,0.00,0.08,Matches,8dde7a71
37,Morten Behrens,de GER,GK,SV Waldhof,25-277,1997,17,17,1530,17.0,0,0,0,0,0,1,0,0.00,0.00,0.00,0.00,0.00,Matches,9c273730
38,Semi Belkahia,de GER,DFFW,1860 Munich,24-012,1998,6,3,244,2.7,0,0,0,0,0,0,0,0.00,0.00,0.00,0.00,0.00,Matches,7776a35b
39,Ron Berlinski,de GER,FWMF,Rot-Weiss Essen,28-148,1994,15,10,856,9.5,5,1,5,0,0,2,0,0.53,0.11,0.63,0.53,0.63,Matches,02e4b0c6
40,Felix Bernd Wienand,de GER,GK,Rot-Weiss Essen,20-190,2002,1,1,90,1.0,0,0,0,0,0,0,0,0.00,0.00,0.00,0.00,0.00,Matches,b73f18af
41,Aaron Berzel,de GER,DF,Verl,30-219,1992,2,0,24,0.3,0,0,0,0,0,0,0,0.00,0.00,0.00,0.00,0.00,Matches,de179fed
42,Paul-Philipp Besong,de GER,FW,Erzgebirge Aue,22-089,2000,13,3,368,4.1,1,0,1,0,0,1,0,0.24,0.00,0.24,0.24,0.24,Matches,77e795dd
43,Julius Biada,de GER,FW,Saarbrücken,30-061,1992,5,1,124,1.4,1,1,1,0,0,2,0,0.73,0.73,1.45,0.73,1.45,Matches,1b87b3f1
44,Tom Bierschenk,de GER,FW,Hallescher,20-174,2002,2,0,13,0.1,0,0,0,0,0,0,0,0.00,0.00,0.00,0.00,0.00,Matches,10f38207
45,Mateo Biondic,de GER,DF,Verl,19-163,2003,5,0,85,0.9,0,0,0,0,0,0,0,0.00,0.00,0.00,0.00,0.00,Matches,a3fee532
46,Joshua Bitter,de GER,DF,MSV Duisburg,26-002,1997,13,12,1005,11.2,1,0,1,0,0,4,0,0.09,0.00,0.09,0.09,0.09,Matches,bbc1271f
47,David Blacha,pl POL,MF,Meppen,32-073,1990,15,15,1212,13.5,0,1,0,0,0,2,0,0.00,0.07,0.07,0.00,0.07,Matches,6b4b1976
48,Lukas Boeder,de GER,DF,Saarbrücken,25-260,1997,8,7,638,7.1,0,0,0,0,0,1,0,0.00,0.00,0.00,0.00,0.00,Matches,38a69fc5
49,Pelle Boevink,nl NED,GK,VfB Oldenburg,24-362,1998,10,10,900,10.0,0,0,0,0,0,1,0,0.00,0.00,0.00,0.00,0.00,Matches,a775d6e8
50,Andor Bolyki,de GER,FW,Hallescher,28-119,1994,14,1,333,3.7,1,1,1,0,0,3,0,0.27,0.27,0.54,0.27,0.54,Matches,b6b64d01
51,Jakob Bookjans,de GER,MF,VfB Oldenburg,22-166,2000,11,1,240,2.7,0,1,0,0,0,0,0,0.00,0.37,0.37,0.00,0.37,Matches,0f65ef08
52,Elias Bördner,de GER,GK,Viktoria Köln,20-319,2002,1,1,90,1.0,0,0,0,0,0,0,0,0.00,0.00,0.00,0.00,0.00,Matches,8758ddf4
53,Dennis Borkowski,de GER,MFFW,Dresden,20-342,2002,12,9,720,8.0,2,0,2,0,0,0,0,0.25,0.00,0.25,0.25,0.25,Matches,78b9e99c
54,Timo Bornemann,de GER,FW,Dortmund II,22-033,2000,3,2,126,1.4,1,0,1,0,0,0,0,0.71,0.00,0.71,0.71,0.71,Matches,3028c437
55,Aziz Bouhaddouz,ma MAR,FWMF,MSV Duisburg,35-279,1987,16,10,1045,11.6,2,0,2,0,0,4,1,0.17,0.00,0.17,0.17,0.17,Matches,2c143d6c
56,Joseph Boyamba,de GER,MF,1860 Munich,26-158,1996,15,7,667,7.4,2,2,1,1,1,3,0,0.27,0.27,0.54,0.13,0.40,Matches,22d86b0d
57,Jayden Braaf,nl NED,FW,Dortmund II,20-125,2002,7,3,266,3.0,0,0,0,0,0,0,0,0.00,0.00,0.00,0.00,0.00,Matches,c609e90e
58,Calvin Brackelmann,de GER,DF,Ingolstadt 04,23-134,1999,17,17,1503,16.7,1,0,1,0,0,1,0,0.06,0.00,0.06,0.06,0.06,Matches,3972dbb3
59,Rafael Brand,de GER,MFFW,VfB Oldenburg,28-116,1994,14,11,855,9.5,2,1,2,0,0,3,0,0.21,0.11,0.32,0.21,0.32,Matches,a418b199
60,Sandrino Braun,de GER,DF,SC Freiburg II,34-183,1988,9,4,382,4.2,0,0,0,0,0,0,0,0.00,0.00,0.00,0.00,0.00,Matches,a3d0cc9b
61,Maximilian Breunig,de GER,FW,SC Freiburg II,22-142,2000,4,0,54,0.6,0,0,0,0,0,0,0,0.00,0.00,0.00,0.00,0.00,Matches,1e37c986
62,Johannes Brinkies,de GER,GK,Zwickau,29-197,1993,9,9,810,9.0,0,0,0,0,0,0,0,0.00,0.00,0.00,0.00,0.00,Matches,d2dcbd40
63,Moritz Broschinski,de GER,FWMF,Dortmund II,22-102,2000,14,7,705,7.8,3,1,3,0,0,0,0,0.38,0.13,0.51,0.38,0.51,Matches,bbd79358
64,Lucas Brumme,de GER,FW,Wehen,23-100,1999,11,2,297,3.3,1,0,1,0,0,3,1,0.30,0.00,0.30,0.30,0.30,Matches,823149ef
65,Daniel Buballa,de GER,DF,Viktoria Köln,32-237,1990,1,0,6,0.1,0,0,0,0,0,0,0,0.00,0.00,0.00,0.00,0.00,Matches,c79bf0bf
66,Christopher Buchtmann,de GER,DFMF,VfB Oldenburg,30-253,1992,2,0,24,0.3,0,0,0,0,0,0,0,0.00,0.00,0.00,0.00,0.00,Matches,9cd10dea
67,Guille Bueno,es ESP,MFDF,Dortmund II,20-107,2002,12,10,897,10.0,0,1,0,0,0,1,0,0.00,0.10,0.10,0.00,0.10,Matches,6a133919
68,Korbinian Burger,de GER,DF,Erzgebirge Aue,27-251,1995,11,10,927,10.3,0,0,0,0,0,5,0,0.00,0.00,0.00,0.00,0.00,Matches,a420a6f3
69,Leon Bürger,de GER,MF,Verl,23-053,1999,4,2,222,2.5,0,0,0,0,0,1,0,0.00,0.00,0.00,0.00,0.00,Matches,b868ec9b
70,Nishan Burkart,ch SUI,FWMF,SC Freiburg II,22-337,2000,4,3,219,2.4,0,0,0,0,0,0,0,0.00,0.00,0.00,0.00,0.00,Matches,c59b67ed
71,Justin Butler,de GER,FW,Ingolstadt 04,21-286,2001,13,0,231,2.6,0,0,0,0,0,2,0,0.00,0.00,0.00,0.00,0.00,Matches,4bc6aa51
72,Nils Butzen,de GER,DF,Zwickau,29-276,1993,10,10,900,10.0,0,0,0,0,0,1,0,0.00,0.00,0.00,0.00,0.00,Matches,5ad28375
73,Florian Carstens,de GER,DF,Wehen,24-056,1998,7,7,464,5.2,0,0,0,0,0,2,0,0.00,0.00,0.00,0.00,0.00,Matches,ac551128
74,Aljaž Casar,si SVN,MFDF,Hallescher,22-108,2000,11,10,884,9.8,1,1,1,0,0,3,0,0.10,0.10,0.20,0.10,0.20,Matches,c96bdf86
75,Paterson Chato,de GER,DFMF,Osnabrück,26-033,1996,15,7,707,7.9,1,0,1,0,0,2,0,0.13,0.00,0.13,0.13,0.13,Matches,f856ca7c
76,Tim Civeja,de GER,MF,Ingolstadt 04,20-364,2002,4,0,55,0.6,0,0,0,0,0,0,0,0.00,0.00,0.00,0.00,0.00,Matches,59a48c59
77,Kevin Conrad,de GER,DF,Elversberg,32-146,1990,11,11,988,11.0,1,1,1,0,0,3,1,0.09,0.09,0.18,0.09,0.18,Matches,45afa04c
78,Christian Conteh,de GER,MFFW,Dresden,23-129,1999,8,7,491,5.5,1,1,1,0,0,1,0,0.18,0.18,0.37,0.18,0.37,Matches,231b327e
79,Mael Corboz,us USA,MF,Verl,28-119,1994,17,17,1530,17.0,3,0,3,0,0,4,0,0.18,0.00,0.18,0.18,0.18,Matches,c4bb1b9f
80,Marcel Correia,pt POR,DF,Elversberg,33-232,1989,12,12,1024,11.4,2,1,2,0,0,1,0,0.18,0.09,0.26,0.18,0.26,Matches,11644dea
81,Can Coskun,de GER,MFDF,Zwickau,24-283,1998,14,10,707,7.9,0,0,0,0,0,4,0,0.00,0.00,0.00,0.00,0.00,Matches,37920f05
82,Marcel Costly,de GER,DFMF,Ingolstadt 04,27-044,1995,17,17,1423,15.8,2,2,2,0,0,3,0,0.13,0.13,0.25,0.13,0.25,Matches,999d0ce7
83,Soumaïla Coulibaly,fr FRA,DF,Dortmund II,19-081,2003,7,7,584,6.5,0,0,0,0,0,2,0,0.00,0.00,0.00,0.00,0.00,Matches,9dff291c
84,Marvin Cuni,al ALB,FW,Saarbrücken,21-177,2001,14,9,914,10.2,5,1,5,0,0,2,0,0.49,0.10,0.59,0.49,0.59,Matches,1d45fd81
85,Eros Dacaj,de GER,MF,Elversberg,26-116,1996,8,0,94,1.0,0,0,0,0,0,0,0,0.00,0.00,0.00,0.00,0.00,Matches,c18e4b9b
86,Koray Dag,de GER,FW,Verl,19-231,2003,1,0,1,0.0,0,0,0,0,0,0,0,0.00,0.00,0.00,0.00,0.00,Matches,44cb970a
87,Leon Damer,de GER,MFFW,Hallescher,22-337,2000,17,12,962,10.7,0,3,0,0,0,5,0,0.00,0.28,0.28,0.00,0.28,Matches,1c105852
88,Niklas Dams,de GER,DF,Dortmund II,32-220,1990,16,15,1346,15.0,0,0,0,0,0,0,0,0.00,0.00,0.00,0.00,0.00,Matches,bc6c859a
89,Tim Danhof,de GER,MFDF,Erzgebirge Aue,25-243,1997,11,7,726,8.1,1,0,1,0,0,3,0,0.12,0.00,0.12,0.12,0.12,Matches,f8eaf8e7
90,Leon Deichmann,de GER,DF,VfB Oldenburg,25-313,1997,10,8,746,8.3,1,0,1,0,0,2,0,0.12,0.00,0.12,0.12,0.12,Matches,427135e0
91,Yannick Deichmann,de GER,MF,1860 Munich,28-143,1994,16,16,1297,14.4,3,2,3,0,0,3,0,0.21,0.14,0.35,0.21,0.35,Matches,16f1ce7e
92,Tunay Deniz,de GER,MF,Hallescher,28-335,1994,16,7,758,8.4,2,1,2,0,0,4,1,0.24,0.12,0.36,0.24,0.36,Matches,10d538f9
93,Lars Dietz,de GER,DF,Viktoria Köln,25-361,1997,13,12,1102,12.2,0,0,0,0,0,3,0,0.00,0.00,0.00,0.00,0.00,Matches,b125ea9f
94,Erik Domaschke,de GER,GK,Meppen,37-053,1985,2,2,180,2.0,0,0,0,0,0,1,0,0.00,0.00,0.00,0.00,0.00,Matches,225f6fce
95,Max Dombrowka,de GER,DFMF,Meppen,30-285,1992,15,15,1300,14.4,0,4,0,0,0,3,0,0.00,0.28,0.28,0.00,0.28,Matches,0923662a
96,Johannes Dörfler,de GER,DF,SV Waldhof,26-133,1996,2,0,48,0.5,0,0,0,0,0,0,0,0.00,0.00,0.00,0.00,0.00,Matches,6ba7f195
97,Moussa Doumbouya,gn GUI,FWMF,Ingolstadt 04,25-002,1998,13,10,827,9.2,1,3,1,0,0,2,0,0.11,0.33,0.44,0.11,0.44,Matches,32531b09
98,Stefan Drljača,de GER,GK,Dresden,23-258,1999,13,13,1170,13.0,0,0,0,0,0,0,0,0.00,0.00,0.00,0.00,0.00,Matches,1f964b1b
99,Luca Dürholtz,de GER,MF,Rot-Weiss Essen,29-138,1993,2,0,34,0.4,0,0,0,0,0,0,0,0.00,0.00,0.00,0.00,0.00,Matches,a5483c84
100,Luca Dürholtz,de GER,MF,Elversberg,29-138,1993,9,3,427,4.7,0,0,0,0,0,0,0,0.00,0.00,0.00,0.00,0.00,Matches,a5483c84
101,Michael Eberwein,de GER,MFFW,Dortmund II,26-298,1996,10,10,887,9.9,0,2,0,0,0,2,0,0.00,0.20,0.20,0.00,0.20,Matches,da3d3129
102,Steffen Eder,de GER,DF,SpVgg Bayreuth,25-247,1997,4,3,292,3.2,0,0,0,0,0,1,0,0.00,0.00,0.00,0.00,0.00,Matches,d7f0614c
103,Kevin Ehlers,de GER,DFMF,Dresden,21-345,2001,12,9,866,9.6,1,0,1,0,0,2,0,0.10,0.00,0.10,0.10,0.10,Matches,e34c2bb0
104,Noel Eichinger,de GER,FW,Zwickau,21-154,2001,8,2,336,3.7,1,1,1,0,0,0,0,0.27,0.27,0.54,0.27,0.54,Matches,c8e95a0a
105,Thomas Eisfeld,de GER,MF,Rot-Weiss Essen,29-350,1993,6,3,318,3.5,0,1,0,0,0,1,0,0.00,0.28,0.28,0.00,0.28,Matches,9f3796f1
106,Chinedu Ekene,de GER,FWMF,MSV Duisburg,23-178,1999,15,10,908,10.1,1,0,1,0,0,1,0,0.10,0.00,0.10,0.10,0.10,Matches,b08087fd
107,Baris Ekincier,az AZE,MFFW,SV Waldhof,23-285,1999,12,7,585,6.5,2,0,2,0,0,1,0,0.31,0.00,0.31,0.31,0.31,Matches,9159835a
108,Rodney Elongo-Yombo,de GER,MFDF,Dortmund II,21-160,2001,11,5,491,5.5,1,0,1,0,0,2,1,0.18,0.00,0.18,0.18,0.18,Matches,f98df46a
109,Erik Engelhardt,de GER,FWMF,Osnabrück,24-260,1998,12,7,661,7.3,4,1,4,0,0,1,0,0.54,0.14,0.68,0.54,0.68,Matches,9056cc65
110,Marcel Engelhardt,de GER,GK,Zwickau,29-273,1993,5,5,450,5.0,0,0,0,0,0,0,0,0.00,0.00,0.00,0.00,0.00,Matches,9b5d0904
111,Yannik Engelhardt,de GER,MF,SC Freiburg II,21-330,2001,6,5,479,5.3,1,0,1,0,0,0,0,0.19,0.00,0.19,0.19,0.19,Matches,fac66db3
112,Simon Engelmann,de GER,FW,Rot-Weiss Essen,33-287,1989,11,9,817,9.1,4,3,4,0,0,2,0,0.44,0.33,0.77,0.44,0.77,Matches,38ad4be8
113,Lawrence Ennali,de GER,MFFW,Rot-Weiss Essen,20-302,2002,17,13,1099,12.2,2,0,2,0,0,4,0,0.16,0.00,0.16,0.16,0.16,Matches,f77a051b
114,Aday Ercan,de GER,MF,Dortmund II,22-132,2000,4,1,88,1.0,0,0,0,0,0,0,0,0.00,0.00,0.00,0.00,0.00,Matches,767eff4b
115,Dominik Ernst,de GER,DFMF,Saarbrücken,32-148,1990,3,3,180,2.0,0,0,0,0,0,0,0,0.00,0.00,0.00,0.00,0.00,Matches,52071fcf
116,Brooklyn Ezeh,de GER,MFDF,Wehen,21-194,2001,16,16,1402,15.6,0,5,0,0,0,5,0,0.00,0.32,0.32,0.00,0.32,Matches,cd0252a2
117,Cottrell Ezekwem,de GER,DF,Verl,23-235,1999,2,0,22,0.2,0,0,0,0,0,0,0,0.00,0.00,0.00,0.00,0.00,Matches,edb5a019
118,Kimberly Ezekwem,de GER,DF,SC Freiburg II,21-198,2001,1,1,,0.0,0,0,0,0,0,0,1,,,,,,Matches,56e6a1c9
119,Simon Fabio Stehle,de GER,FWMF,Viktoria Köln,21-108,2001,17,8,752,8.4,2,0,2,0,0,1,0,0.24,0.00,0.24,0.24,0.24,Matches,c5ce9a51
120,Philip Fahrner,de GER,MFDF,SC Freiburg II,20-001,2003,12,9,811,9.0,1,1,1,0,0,1,0,0.11,0.11,0.22,0.11,0.22,Matches,4ac2d287
121,Clemens Fandrich,de GER,MFDF,Rot-Weiss Essen,31-358,1991,10,3,341,3.8,0,0,0,0,0,1,0,0.00,0.00,0.00,0.00,0.00,Matches,2f0cd69e
122,Amin Farouk,de GER,MF,Wehen,19-165,2003,2,0,7,0.1,0,0,0,0,0,0,0,0.00,0.00,0.00,0.00,0.00,Matches,347fc19c
123,Morgan Faßbender,de GER,MFFW,Meppen,24-077,1998,14,8,804,8.9,2,1,2,0,0,3,0,0.22,0.11,0.34,0.22,0.34,Matches,aedc3dfd
124,Gino Fechner,de GER,MFDF,Wehen,25-120,1997,14,8,747,8.3,0,0,0,0,0,4,0,0.00,0.00,0.00,0.00,0.00,Matches,93d665dc
125,Jonas Fedl,de GER,DF,Meppen,23-332,1999,16,16,1373,15.3,0,0,0,0,0,8,0,0.00,0.00,0.00,0.00,0.00,Matches,a63f909a
126,Mike Feigenspan,de GER,FW,Meppen,27-151,1995,9,1,242,2.7,0,1,0,0,0,0,0,0.00,0.37,0.37,0.00,0.37,Matches,72d3ed8d
127,Manuel Feil,de GER,MF,Elversberg,28-087,1994,17,17,1342,14.9,3,7,3,0,0,1,0,0.20,0.47,0.67,0.20,0.67,Matches,9341203b
128,Robin Fellhauer,de GER,DF,Elversberg,24-347,1998,16,16,1440,16.0,2,4,2,0,0,3,0,0.12,0.25,0.37,0.12,0.37,Matches,b6ce3e6c
129,Rolf Feltscher,ve VEN,DF,MSV Duisburg,32-089,1990,3,3,260,2.9,0,0,0,0,0,1,0,0.00,0.00,0.00,0.00,0.00,Matches,27baf026
130,Christoph Fenninger,de GER,MFFW,SpVgg Bayreuth,27-236,1995,9,2,232,2.6,0,0,0,0,0,1,0,0.00,0.00,0.00,0.00,0.00,Matches,7fa7f576
131,Bradley Fink,ch SUI,FW,Dortmund II,19-261,2003,4,4,305,3.4,1,0,1,0,0,0,0,0.30,0.00,0.30,0.30,0.30,Matches,f2b04191
132,Kolbeinn Finnsson,is ISL,DF,Dortmund II,23-131,1999,12,10,874,9.7,0,0,0,0,0,3,0,0.00,0.00,0.00,0.00,0.00,Matches,499f3876
133,Tobias Fleckstein,de GER,DF,MSV Duisburg,23-254,1999,5,2,215,2.4,0,0,0,0,0,3,0,0.00,0.00,0.00,0.00,0.00,Matches,fa96e86d
134,Dominik Franke,de GER,DF,Ingolstadt 04,24-090,1998,17,15,1272,14.1,0,0,0,0,0,2,0,0.00,0.00,0.00,0.00,0.00,Matches,708401fc
135,Mike Frantz,de GER,MFDF,Saarbrücken,36-081,1986,12,5,441,4.9,0,0,0,0,0,0,0,0.00,0.00,0.00,0.00,0.00,Matches,482b70ad
136,Alexander Freitag,de GER,MF,1860 Munich,23-325,1999,1,0,16,0.2,0,0,0,0,0,0,0,0.00,0.00,0.00,0.00,0.00,Matches,01f474b9
137,Marlon Frey,de GER,MFFW,MSV Duisburg,26-285,1996,13,6,539,6.0,0,1,0,0,0,0,0,0.00,0.17,0.17,0.00,0.17,Matches,c9ab6b68
138,Davy Frick,de GER,DFMF,Zwickau,32-273,1990,15,14,1258,14.0,1,0,1,0,0,2,1,0.07,0.00,0.07,0.07,0.07,Matches,02b517c8
139,Moritz Fritz,de GER,MFDF,Viktoria Köln,29-172,1993,15,13,1153,12.8,0,0,0,0,0,5,0,0.00,0.00,0.00,0.00,0.00,Matches,8d5d6481
140,Kianz Froese,ca CAN,FWMF,Wehen,26-262,1996,12,5,567,6.3,3,2,3,0,0,1,0,0.48,0.32,0.79,0.48,0.79,Matches,b4585578
141,Seymour Fünger,de GER,DF,Hallescher,20-230,2002,8,1,158,1.8,1,0,1,0,0,1,0,0.57,0.00,0.57,0.57,0.57,Matches,cef78c68
142,Marius Funk,de GER,GK,Ingolstadt 04,27-002,1996,16,16,1440,16.0,0,0,0,0,0,1,0,0.00,0.00,0.00,0.00,0.00,Matches,86314793
143,Guillerme Furrer,ch SUI,FW,SC Freiburg II,21-340,2001,10,0,210,2.3,0,0,0,0,0,2,0,0.00,0.00,0.00,0.00,0.00,Matches,84269925
144,Timur Gayret,de GER,MFFW,Hallescher,24-148,1998,16,9,800,8.9,0,2,0,0,0,0,0,0.00,0.23,0.23,0.00,0.23,Matches,c6fd4984
145,Felix Gebhardt,de GER,GK,Hallescher,20-308,2002,15,15,1350,15.0,0,0,0,0,0,2,0,0.00,0.00,0.00,0.00,0.00,Matches,d6f7261a
146,Jann George,us USA,MFFW,SpVgg Bayreuth,30-156,1992,7,6,447,5.0,1,1,1,0,0,1,0,0.20,0.20,0.40,0.20,0.40,Matches,19a60b8f
147,Jann George,us USA,FWMF,Erzgebirge Aue,30-156,1992,1,0,26,0.3,0,0,0,0,0,0,0,0.00,0.00,0.00,0.00,0.00,Matches,19a60b8f
148,Benjamin Girth,de GER,FW,MSV Duisburg,30-337,1992,2,1,93,1.0,1,0,1,0,0,0,0,0.97,0.00,0.97,0.97,0.97,Matches,e0147851
149,Michael Glück,at AUT,DF,1860 Munich,19-204,2003,1,0,5,0.1,0,0,0,0,0,0,0,0.00,0.00,0.00,0.00,0.00,Matches,d3411417
150,Dave Gnaase,de GER,MFDF,Saarbrücken,26-008,1996,13,8,684,7.6,0,0,0,0,0,2,0,0.00,0.00,0.00,0.00,0.00,Matches,61f706e3
151,Patrick Göbel,de GER,MF,Zwickau,29-179,1993,17,17,1375,15.3,1,2,1,0,0,1,0,0.07,0.13,0.20,0.07,0.20,Matches,089f1c2e
152,Akaki Gogia,de GER,MF,Dresden,30-350,1992,9,7,575,6.4,0,0,0,0,0,2,0,0.00,0.00,0.00,0.00,0.00,Matches,deee6467
153,Gerrit Gohlke,de GER,DF,SV Waldhof,23-297,1999,7,7,475,5.3,1,0,1,0,0,3,1,0.19,0.00,0.19,0.19,0.19,Matches,d825ec58
154,Jakob Golz,de GER,GK,Rot-Weiss Essen,24-140,1998,16,16,1440,16.0,0,0,0,0,0,0,0,0.00,0.00,0.00,0.00,0.00,Matches,b251ee1f
155,Johan Gomez,us USA,FWMF,Zwickau,21-164,2001,15,9,805,8.9,3,0,2,1,1,2,0,0.34,0.00,0.34,0.22,0.22,Matches,2bbe2f33
156,Thijmen Goppel,nl NED,MFDF,Wehen,25-321,1997,11,8,780,8.7,1,3,1,0,0,1,0,0.12,0.35,0.46,0.12,0.46,Matches,45df4830
157,Nico Gorzel,de GER,MFFW,Erzgebirge Aue,24-158,1998,10,4,369,4.1,0,0,0,0,0,0,0,0.00,0.00,0.00,0.00,0.00,Matches,4a06f502
158,Marcel Götz,de GER,DF,SpVgg Bayreuth,26-013,1996,6,4,332,3.7,0,0,0,0,0,0,0,0.00,0.00,0.00,0.00,0.00,Matches,2659c588
159,Felix Götze,de GER,MFDF,Rot-Weiss Essen,24-326,1998,10,10,750,8.3,2,0,2,0,0,7,0,0.24,0.00,0.24,0.24,0.24,Matches,ee7cdd0c
160,Christoph Greger,de GER,DF,Viktoria Köln,25-354,1997,10,9,780,8.7,0,1,0,0,0,4,1,0.00,0.12,0.12,0.00,0.12,Matches,3c7526e6
161,Fabian Greilinger,de GER,DF,1860 Munich,22-112,2000,9,7,626,7.0,0,1,0,0,0,1,0,0.00,0.14,0.14,0.00,0.14,Matches,350bd5db
162,Adriano Grimaldi,de GER,FW,Saarbrücken,31-273,1991,12,2,325,3.6,3,0,2,1,1,3,0,0.83,0.00,0.83,0.55,0.55,Matches,8ca5bcda
163,Joel Grodowski,de GER,FWMF,Verl,25-034,1997,16,10,896,10.0,3,0,3,0,0,3,0,0.30,0.00,0.30,0.30,0.30,Matches,ee517b5d
164,Alexander Groiß,de GER,MFDF,SpVgg Bayreuth,24-186,1998,12,11,985,10.9,0,0,0,0,0,3,1,0.00,0.00,0.00,0.00,0.00,Matches,68eed734
165,Julian Günther-Schmidt,de GER,FWMF,Saarbrücken,28-112,1994,17,12,1001,11.1,3,3,1,2,2,1,0,0.27,0.27,0.54,0.09,0.36,Matches,50cfe1f7
166,Ahmet Gürleyen,de GER,DF,Wehen,23-252,1999,14,13,1150,12.8,2,0,2,0,0,2,0,0.16,0.00,0.16,0.16,0.16,Matches,c58a9db7
167,Göktan Gürpüz,de GER,MFFW,Dortmund II,19-346,2003,7,2,267,3.0,0,0,0,0,0,0,0,0.00,0.00,0.00,0.00,0.00,Matches,199f7008
168,Julian Guttau,de GER,FWMF,SC Freiburg II,23-066,1999,17,15,1360,15.1,0,3,0,0,0,2,0,0.00,0.20,0.20,0.00,0.20,Matches,d9e943d7
169,Maxwell Gyamfi,de GER,DF,Osnabrück,22-350,2000,16,16,1402,15.6,0,0,0,0,0,5,0,0.00,0.00,0.00,0.00,0.00,Matches,4537a5f9
170,Manuel Haas,at AUT,DF,Osnabrück,26-241,1996,6,2,189,2.1,0,1,0,0,0,2,0,0.00,0.48,0.48,0.00,0.48,Matches,af3f8aa8
171,Simon Handle,at AUT,MFFW,Viktoria Köln,29-343,1993,16,14,1244,13.8,3,3,3,0,0,2,0,0.22,0.22,0.43,0.22,0.43,Matches,16396327
172,Cedric Harenbrock,de GER,MF,Rot-Weiss Essen,24-269,1998,5,2,132,1.5,0,0,0,0,1,0,0,0.00,0.00,0.00,0.00,0.00,Matches,bca5b866
173,Phil Harres,de GER,FW,Dresden,20-284,2002,1,0,6,0.1,0,0,0,0,0,0,0,0.00,0.00,0.00,0.00,0.00,Matches,07db670d
174,Matthis Harsmann,de GER,GK,Meppen,23-091,1999,5,5,450,5.0,0,0,0,0,0,0,0,0.00,0.00,0.00,0.00,0.00,Matches,fbeae15e
175,Patrick Hasenhüttl,at AUT,FW,VfB Oldenburg,25-228,1997,9,3,333,3.7,0,0,0,0,0,1,0,0.00,0.00,0.00,0.00,0.00,Matches,c91008fc
176,Niklas Hauptmann,de GER,MF,Dresden,26-190,1996,5,3,302,3.4,0,0,0,0,0,2,0,0.00,0.00,0.00,0.00,0.00,Matches,7367d26f
177,Jalen Hawkins,de GER,MF,Ingolstadt 04,21-344,2001,14,3,459,5.1,1,0,1,0,0,1,0,0.20,0.00,0.20,0.20,0.20,Matches,8320981e
178,Daniel Heber,de GER,DF,Rot-Weiss Essen,28-183,1994,16,15,1372,15.2,0,1,0,0,0,2,0,0.00,0.07,0.07,0.00,0.07,Matches,242027ec
179,Marc Heider,de GER,FWMF,Osnabrück,36-230,1986,17,10,887,9.9,4,0,4,0,0,2,0,0.41,0.00,0.41,0.41,0.41,Matches,adf4e22b
180,Moritz Heinrich,de GER,MFDF,SpVgg Bayreuth,25-184,1997,15,10,973,10.8,0,2,0,0,0,4,0,0.00,0.18,0.18,0.00,0.18,Matches,d05a7bd4
181,Florian Heister,de GER,DF,Viktoria Köln,25-307,1997,9,1,153,1.7,0,0,0,0,0,0,0,0.00,0.00,0.00,0.00,0.00,Matches,1b3cdb31
182,Benjamin Hemcke,de GER,MF,Viktoria Köln,19-323,2003,1,0,28,0.3,0,0,0,0,0,0,0,0.00,0.00,0.00,0.00,0.00,Matches,d566f11a
183,Christoph Hemlein,de GER,MF,Meppen,32-018,1990,13,6,527,5.9,1,2,1,0,0,0,0,0.17,0.34,0.51,0.17,0.51,Matches,83aea392
184,Luke Hemmerich,de GER,DF,SpVgg Bayreuth,24-328,1998,15,12,1111,12.3,0,1,0,0,0,2,0,0.00,0.08,0.08,0.00,0.08,Matches,8b82c866
185,Fabian Herbst,de GER,DF,VfB Oldenburg,22-227,2000,6,1,62,0.7,0,0,0,0,0,0,0,0.00,0.00,0.00,0.00,0.00,Matches,8976ec1e
186,Robert Herrmann,de GER,MFDF,Zwickau,29-146,1993,17,14,1239,13.8,0,2,0,0,0,3,0,0.00,0.15,0.15,0.00,0.15,Matches,68344c60
187,Felix Herzenbruch,de GER,DF,Rot-Weiss Essen,30-148,1992,12,8,728,8.1,0,0,0,0,0,2,0,0.00,0.00,0.00,0.00,0.00,Matches,159e65e3
188,Aaron Herzog,de GER,MF,Hallescher,24-338,1998,17,13,980,10.9,0,1,0,0,0,3,0,0.00,0.09,0.09,0.00,0.09,Matches,565c3fe4
189,Julian Hettwer,de GER,FW,MSV Duisburg,19-202,2003,10,0,174,1.9,0,0,0,0,0,0,0,0.00,0.00,0.00,0.00,0.00,Matches,4f0ac276
190,Robin Heußer,de GER,MF,Wehen,24-225,1998,15,10,932,10.4,0,2,0,0,0,0,1,0.00,0.19,0.19,0.00,0.19,Matches,b99ba43f
191,Felix Higl,de GER,FW,Osnabrück,25-360,1997,16,8,676,7.5,2,1,2,0,0,2,0,0.27,0.13,0.40,0.27,0.40,Matches,eea8b44a
192,Marco Hiller,de GER,GK,1860 Munich,25-317,1997,17,17,1530,17.0,0,0,0,0,0,1,0,0.00,0.00,0.00,0.00,0.00,Matches,4bf524cd
193,Marco Hober,de GER,MF,Dortmund II,27-116,1995,4,0,98,1.1,0,1,0,0,0,0,0,0.00,0.92,0.92,0.00,0.92,Matches,3badec47
194,Marco Höger,de GER,MF,SV Waldhof,33-109,1989,7,7,529,5.9,0,0,0,0,0,1,1,0.00,0.00,0.00,0.00,0.00,Matches,4114f306
195,Lucas Höler,de GER,FW,SC Freiburg II,28-177,1994,1,1,68,0.8,0,0,0,0,0,0,0,0.00,0.00,0.00,0.00,0.00,Matches,ca618d23
196,Benedict Hollerbach,de GER,FW,Wehen,21-231,2001,17,15,1131,12.6,6,1,5,1,1,3,0,0.48,0.08,0.56,0.40,0.48,Matches,2a158218
197,Kevin Holzweiler,de GER,MF,Rot-Weiss Essen,28-079,1994,3,0,30,0.3,0,0,0,0,0,0,0,0.00,0.00,0.00,0.00,0.00,Matches,0720cad3
198,Andi Hoti,xk KVX,DF,SC Freiburg II,19-307,2003,13,12,1041,11.6,0,1,0,0,0,1,0,0.00,0.09,0.09,0.00,0.09,Matches,da1cab65
199,Nico Hug,de GER,MFDF,Hallescher,24-069,1998,15,14,1190,13.2,1,0,1,0,0,0,0,0.08,0.00,0.08,0.08,0.08,Matches,908ca723
200,Elias Huth,de GER,FWMF,Erzgebirge Aue,25-327,1997,11,6,527,5.9,0,0,0,0,0,1,0,0.00,0.00,0.00,0.00,0.00,Matches,68e1abfd
201,Affamefuna-Michael Ifeadigo,ng NGA,FW,VfB Oldenburg,26-174,1996,4,2,151,1.7,0,0,0,0,0,0,0,0.00,0.00,0.00,0.00,0.00,Matches,4c5501bb
202,John Iredale,au AUS,FWMF,Wehen,23-155,1999,12,4,416,4.6,3,1,3,0,0,0,0,0.65,0.22,0.87,0.65,0.87,Matches,83fb76eb
203,Davide Itter,de GER,DF,Osnabrück,23-363,1999,1,0,13,0.1,0,0,0,0,0,0,0,0.00,0.00,0.00,0.00,0.00,Matches,05fd6a62
204,Sebastian Jacob,de GER,FWMF,Saarbrücken,29-191,1993,11,10,830,9.2,7,3,7,0,0,0,0,0.76,0.33,1.08,0.76,1.08,Matches,1b2686c2
205,Bjarke Jacobsen,dk DEN,MF,Wehen,29-135,1993,12,9,758,8.4,0,2,0,0,0,2,0,0.00,0.24,0.24,0.00,0.24,Matches,a805fb51
206,Thore Jacobsen,de GER,MF,Elversberg,25-259,1997,16,16,1358,15.1,2,2,0,2,2,6,0,0.13,0.13,0.27,0.00,0.13,Matches,0f163121
207,Caspar Jander,de GER,MF,MSV Duisburg,19-286,2003,12,8,743,8.3,0,1,0,0,0,3,0,0.00,0.12,0.12,0.00,0.12,Matches,81297bf8
208,Tobias Jänicke,de GER,MFFW,Saarbrücken,33-293,1989,17,16,1292,14.4,1,2,1,0,0,2,0,0.07,0.14,0.21,0.07,0.21,Matches,9cc94fb0
209,Laurent Jans,lu LUX,DF,SV Waldhof,30-151,1992,13,13,1141,12.7,1,2,1,0,0,1,0,0.08,0.16,0.24,0.08,0.24,Matches,0fbb73c2
210,Maximilian Jansen,de GER,MF,Zwickau,29-222,1993,15,13,1220,13.6,1,0,1,0,0,7,0,0.07,0.00,0.07,0.07,0.07,Matches,b5c8fc37
211,Lenn Jastremski,de GER,FWMF,Erzgebirge Aue,21-344,2001,15,7,661,7.3,1,1,1,0,0,1,0,0.14,0.14,0.27,0.14,0.27,Matches,a9541447
212,Lee Jihan,kr KOR,FW,SC Freiburg II,19-360,2003,7,1,180,2.0,0,1,0,0,0,2,0,0.00,0.50,0.50,0.00,0.50,Matches,995d0519
213,Antonio Jonjić,de GER,FWMF,Erzgebirge Aue,23-154,1999,2,0,68,0.8,0,1,0,0,0,0,0,0.00,1.32,1.32,0.00,1.32,Matches,497e315f
214,Julius Kade,de GER,MFFW,Dresden,23-228,1999,12,7,646,7.2,0,1,0,0,0,0,0,0.00,0.14,0.14,0.00,0.14,Matches,768a35ac
215,Sotirios Kaissis,de GER,FW,VfB Oldenburg,26-057,1996,8,1,131,1.5,0,0,0,0,0,2,0,0.00,0.00,0.00,0.00,0.00,Matches,876bba42
216,Abdoulaye Kamara,gn GUI,MFFW,Dortmund II,18-058,2004,7,7,528,5.9,0,0,0,0,0,2,0,0.00,0.00,0.00,0.00,0.00,Matches,5038a16d
217,Claudio Kammerknecht,de GER,DF,Dresden,23-180,1999,15,15,1305,14.5,3,0,3,0,0,2,0,0.21,0.00,0.21,0.21,0.21,Matches,c3a1a7c1
218,Malte Karbstein,de GER,DF,SV Waldhof,24-338,1998,5,4,405,4.5,0,0,0,0,0,1,0,0.00,0.00,0.00,0.00,0.00,Matches,764a373b
219,Ole Käuper,de GER,MF,Meppen,25-359,1997,15,12,1047,11.6,1,0,1,0,0,5,2,0.09,0.00,0.09,0.09,0.09,Matches,e5d652c1
220,Cemal Kaymaz,de GER,FW,SpVgg Bayreuth,25-027,1997,2,0,12,0.1,0,0,0,0,0,0,0,0.00,0.00,0.00,0.00,0.00,Matches,50795d73
221,Oğuzhan Kefkir,de GER,MFFW,Rot-Weiss Essen,31-129,1991,16,9,916,10.2,0,2,0,0,0,2,0,0.00,0.20,0.20,0.00,0.20,Matches,82c8c849
222,Lars Kehl,de GER,MFFW,SC Freiburg II,20-270,2002,17,13,978,10.9,3,2,3,0,0,3,0,0.28,0.18,0.46,0.28,0.46,Matches,da6753bf
223,Daniel Keita-Ruel,fr FRA,FW,SV Waldhof,33-104,1989,13,3,452,5.0,1,1,1,0,0,0,0,0.20,0.20,0.40,0.20,0.40,Matches,6b9fd089
224,Dennis Kempe,de GER,DFMF,Wehen,36-193,1986,1,0,17,0.2,0,0,0,0,0,1,0,0.00,0.00,0.00,0.00,0.00,Matches,2de1e8f0
225,Luca Kerber,de GER,MF,Saarbrücken,20-299,2002,15,14,1205,13.4,1,2,1,0,0,2,0,0.07,0.15,0.22,0.07,0.22,Matches,c107935c
226,Benedikt Kirsch,de GER,MF,SpVgg Bayreuth,26-263,1996,17,17,1439,16.0,0,0,0,0,0,2,0,0.00,0.00,0.00,0.00,0.00,Matches,35140a3a
227,Dominik Klann,de GER,MF,Verl,23-221,1999,5,1,176,2.0,0,0,0,0,0,0,0,0.00,0.00,0.00,0.00,0.00,Matches,20843555
228,Florian Kleinhansl,de GER,DF,Osnabrück,22-145,2000,17,15,1341,14.9,1,2,1,0,0,3,0,0.07,0.13,0.20,0.07,0.20,Matches,771a02e3
229,Marius Kleinsorge,de GER,MFDF,Meppen,27-065,1995,8,2,268,3.0,1,0,1,0,0,2,0,0.34,0.00,0.34,0.34,0.34,Matches,1e936690
230,Philipp Klewin,de GER,GK,Erzgebirge Aue,29-095,1993,11,10,982,10.9,0,0,0,0,0,2,0,0.00,0.00,0.00,0.00,0.00,Matches,f34d0187
231,Davino Knappe,de GER,MF,SC Freiburg II,19-361,2003,5,1,149,1.7,1,0,1,0,0,0,0,0.60,0.00,0.60,0.60,0.60,Matches,d1d38e43
232,Ivan Knezevic,hr CRO,MFFW,Erzgebirge Aue,29-173,1993,8,6,439,4.9,0,1,0,0,0,3,0,0.00,0.21,0.21,0.00,0.21,Matches,b7aae4a4
233,Tim Knipping,de GER,DF,Dresden,30-040,1992,16,16,1440,16.0,0,2,0,0,0,5,0,0.00,0.12,0.12,0.00,0.12,Matches,ed680d8b
234,Marvin Knoll,de GER,DFFW,MSV Duisburg,32-029,1990,1,0,13,0.1,0,0,0,0,0,0,0,0.00,0.00,0.00,0.00,0.00,Matches,0f3fd179
235,Tobias-Mbunjiro Knost,de GER,DF,Verl,22-240,2000,10,3,386,4.3,1,0,1,0,0,2,0,0.23,0.00,0.23,0.23,0.23,Matches,c22a30b9
236,Nico Knystock,de GER,DF,VfB Oldenburg,27-076,1995,12,6,507,5.6,0,0,0,0,0,1,0,0.00,0.00,0.00,0.00,0.00,Matches,e2d65b23
237,Martin Kobylański,pl POL,MF,1860 Munich,28-301,1994,15,8,561,6.2,2,2,2,0,0,2,0,0.32,0.32,0.64,0.32,0.64,Matches,43d6f1ad
238,Koffi,ci CIV,FW,Elversberg,36-192,1986,17,11,884,9.8,5,4,5,0,0,4,0,0.51,0.41,0.92,0.51,0.92,Matches,813bf6c7
239,Sven Köhler,de GER,MF,Osnabrück,26-056,1996,16,15,1327,14.7,2,0,2,0,0,5,1,0.14,0.00,0.14,0.14,0.14,Matches,3aa9a670
240,Sebastian Kolbe,de GER,GK,SpVgg Bayreuth,26-359,1996,17,17,1530,17.0,0,0,0,0,0,0,0,0.00,0.00,0.00,0.00,0.00,Matches,ce40fd8a
241,Niklas Kölle,de GER,DF,MSV Duisburg,23-047,1999,17,13,1201,13.3,1,1,1,0,0,2,0,0.07,0.07,0.15,0.07,0.15,Matches,2c5c7f42
242,Phillip König,de GER,FW,MSV Duisburg,22-287,2000,11,2,240,2.7,0,0,0,0,0,1,0,0.00,0.00,0.00,0.00,0.00,Matches,b423507b
243,Ronny König,de GER,FW,Zwickau,39-215,1983,15,10,821,9.1,1,0,1,0,0,1,0,0.11,0.00,0.11,0.11,0.11,Matches,8ce08ed9
244,Mike Könnecke,de GER,MF,Zwickau,34-133,1988,16,13,946,10.5,1,0,1,0,0,3,0,0.10,0.00,0.10,0.10,0.10,Matches,e337f5a7
245,David Kopacz,pl POL,MFFW,Ingolstadt 04,23-219,1999,11,8,711,7.9,1,0,1,0,0,3,0,0.13,0.00,0.13,0.13,0.13,Matches,302cfdfb
246,Patrick Koronkiewicz,de GER,DFMF,Viktoria Köln,31-296,1991,17,16,1417,15.7,4,4,2,2,2,4,0,0.25,0.25,0.51,0.13,0.38,Matches,0a41093a
247,Dominik Kother,de GER,MFFW,SV Waldhof,22-293,2000,15,5,571,6.3,2,0,2,0,0,0,0,0.32,0.00,0.32,0.32,0.32,Matches,55e2e3e9
248,Mustafa Kourouma,de GER,DF,Rot-Weiss Essen,19-359,2003,6,1,187,2.1,0,0,0,0,0,1,0,0.00,0.00,0.00,0.00,0.00,Matches,679deb2b
249,Kamer Krasniqi,xk KVX,MF,VfB Oldenburg,26-357,1996,16,14,1188,13.2,1,4,1,0,0,2,0,0.08,0.30,0.38,0.08,0.38,Matches,b46a9cdb
250,Pius Krätschmer,de GER,DF,Saarbrücken,25-201,1997,12,7,707,7.9,1,1,1,0,0,1,0,0.13,0.13,0.25,0.13,0.25,Matches,42c419b5
251,Tobias Kraulich,de GER,DF,Meppen,23-285,1999,11,11,971,10.8,0,0,0,0,0,0,0,0.00,0.00,0.00,0.00,0.00,Matches,64b20513
252,Niklas Kreuzer,de GER,DFMF,Hallescher,29-317,1993,13,13,1103,12.3,3,3,0,3,3,4,1,0.24,0.24,0.49,0.00,0.24,Matches,3bc205b5
253,Nicolas Kristof,de GER,GK,Elversberg,23-014,1999,17,17,1530,17.0,0,0,0,0,0,0,0,0.00,0.00,0.00,0.00,0.00,Matches,a037c229
254,Lukas Krüger,de GER,FW,Zwickau,22-348,2000,13,1,350,3.9,1,0,1,0,0,0,0,0.26,0.00,0.26,0.26,0.26,Matches,b07b7b5d
255,David Kubatta,de GER,DF,Viktoria Köln,19-066,2003,1,0,8,0.1,0,0,0,0,0,0,0,0.00,0.00,0.00,0.00,0.00,Matches,6fbae8c3
256,Lukas Kübler,de GER,MF,SC Freiburg II,30-126,1992,1,1,64,0.7,0,0,0,0,0,0,0,0.00,0.00,0.00,0.00,0.00,Matches,2a29eb9b
257,Philipp Kühn,de GER,GK,Osnabrück,30-123,1992,11,11,990,11.0,0,0,0,0,0,0,0,0.00,0.00,0.00,0.00,0.00,Matches,a5a24ce6
258,Max Kulke,de GER,MFFW,Dresden,22-054,2000,8,3,252,2.8,0,0,0,0,0,1,0,0.00,0.00,0.00,0.00,0.00,Matches,249d14d4
259,Lukas Kunze,de GER,MF,Osnabrück,24-203,1998,15,10,841,9.3,0,2,0,0,0,3,0,0.00,0.21,0.21,0.00,0.21,Matches,b8b4e77e
260,Filip Kusić,rs SRB,DF,Zwickau,26-214,1996,12,12,1015,11.3,0,0,0,0,0,2,0,0.00,0.00,0.00,0.00,0.00,Matches,de1a2530
261,Stefan Kutschke,de GER,FWMF,Dresden,34-061,1988,16,13,1144,12.7,2,3,1,1,1,5,0,0.16,0.24,0.39,0.08,0.31,Matches,652aa4de
262,Daniel Kyereh,gh GHA,FW,SC Freiburg II,26-301,1996,1,1,77,0.9,0,0,0,0,0,0,0,0.00,0.00,0.00,0.00,0.00,Matches,2770726a
263,Park Kyuhyun,kr KOR,DF,Dresden,21-264,2001,5,5,302,3.4,0,1,0,0,0,3,0,0.00,0.30,0.30,0.00,0.30,Matches,88ed2a5e
264,Fynn-Luca Lakenmacher,de GER,FW,1860 Munich,22-238,2000,17,13,1171,13.0,6,3,6,0,0,1,0,0.46,0.23,0.69,0.46,0.69,Matches,d6e36d76
265,Niklas Landgraf,de GER,DFMF,Hallescher,26-308,1996,16,16,1366,15.2,0,0,0,0,0,5,1,0.00,0.00,0.00,0.00,0.00,Matches,6074f63c
266,Niklas Lang,bb BRB,DF,1860 Munich,20-204,2002,3,2,146,1.6,0,0,0,0,0,0,0,0.00,0.00,0.00,0.00,0.00,Matches,c490c344
267,Kevin Lankford,de GER,MF,Viktoria Köln,24-048,1998,14,6,470,5.2,1,1,1,0,0,0,0,0.19,0.19,0.38,0.19,0.38,Matches,12ecb14e
268,Christopher Lannert,de GER,DF,1860 Munich,24-209,1998,16,13,1101,12.2,0,2,0,0,0,2,0,0.00,0.16,0.16,0.00,0.16,Matches,9a8b40ce
269,Tim Latteier,de GER,MF,SpVgg Bayreuth,22-228,2000,13,5,506,5.6,0,0,0,0,0,2,0,0.00,0.00,0.00,0.00,0.00,Matches,f662a371
270,Adrien Lebeau,fr FRA,MF,SV Waldhof,23-179,1999,5,3,230,2.6,0,1,0,0,0,1,0,0.00,0.39,0.39,0.00,0.39,Matches,ca122e29
271,Paul Lehmann,de GER,FW,Dresden,18-165,2004,2,0,27,0.3,0,0,0,0,0,1,0,0.00,0.00,0.00,0.00,0.00,Matches,19c167b4
272,Tan Leka-Schmidt,de GER,DF,SC Freiburg II,20-214,2002,14,12,1118,12.4,0,0,0,0,0,3,0,0.00,0.00,0.00,0.00,0.00,Matches,7d31f1cb
273,Jakob Lewald,de GER,DFMF,Dresden,23-311,1999,7,4,331,3.7,0,0,0,0,0,2,0,0.00,0.00,0.00,0.00,0.00,Matches,33b5dccd
274,Stefan Lex,de GER,MFFW,1860 Munich,33-037,1989,13,10,804,8.9,1,4,1,0,0,1,0,0.11,0.45,0.56,0.11,0.56,Matches,b39c06ed
275,Patrick Lienhard,de GER,MFFW,SC Freiburg II,30-218,1992,12,7,567,6.3,0,0,0,0,0,1,0,0.00,0.00,0.00,0.00,0.00,Matches,f69b7904
276,Denis Linsmayer,de GER,MF,Ingolstadt 04,31-106,1991,9,3,403,4.5,0,0,0,0,0,2,0,0.00,0.00,0.00,0.00,0.00,Matches,9f7a8327
277,Dennis Lippert,de GER,DF,SpVgg Bayreuth,26-317,1996,10,8,674,7.5,0,0,0,0,0,0,1,0.00,0.00,0.00,0.00,0.00,Matches,53110ef3
278,Arian Llugiqi,de GER,MFFW,Ingolstadt 04,20-071,2002,13,5,502,5.6,0,3,0,0,0,1,0,0.00,0.54,0.54,0.00,0.54,Matches,464e3479
279,Elias Löder,de GER,MF,Hallescher,22-254,2000,12,0,122,1.4,0,0,0,0,0,1,0,0.00,0.00,0.00,0.00,0.00,Matches,471c430a
280,Jan Löhmannsröben,de GER,MFDF,Zwickau,31-257,1991,14,11,883,9.8,0,0,0,0,0,7,1,0.00,0.00,0.00,0.00,0.00,Matches,2f7910ac
281,Marcel Lotka,pl POL,GK,Dortmund II,21-223,2001,10,10,900,10.0,0,0,0,0,0,1,0,0.00,0.00,0.00,0.00,0.00,Matches,5584552e
282,Aurel Loubongo-M'Boungou,de GER,FW,Rot-Weiss Essen,21-198,2001,8,0,104,1.2,0,0,0,0,0,0,0,0.00,0.00,0.00,0.00,0.00,Matches,e561656d
283,Arthur Lyska,de GER,GK,Wehen,22-235,2000,9,8,761,8.5,0,0,0,0,0,1,0,0.00,0.00,0.00,0.00,0.00,Matches,aa9b545e
284,Stefan Maderer,de GER,FWMF,SpVgg Bayreuth,26-124,1996,10,6,517,5.7,0,0,0,0,0,0,0,0.00,0.00,0.00,0.00,0.00,Matches,98e5ea8d
285,Sebastian Mai,de GER,DF,MSV Duisburg,29-024,1993,16,16,1440,16.0,0,0,0,0,0,8,0,0.00,0.00,0.00,0.00,0.00,Matches,e855706c
286,Erik Majetschak,de GER,MFDF,Erzgebirge Aue,22-308,2000,5,3,269,3.0,0,0,0,0,0,3,1,0.00,0.00,0.00,0.00,0.00,Matches,156afd6f
287,Jordy Makengo,fr FRA,DF,SC Freiburg II,21-153,2001,15,11,948,10.5,0,0,0,0,0,2,0,0.00,0.00,0.00,0.00,0.00,Matches,14b09c41
288,Martin Männel,de GER,GK,Erzgebirge Aue,34-293,1988,7,7,548,6.1,0,0,0,0,0,1,0,0.00,0.00,0.00,0.00,0.00,Matches,eccb22fe
289,Johannes Manske,de GER,FW,Meppen,22-325,2000,10,0,190,2.1,0,1,0,0,0,0,0,0.00,0.47,0.47,0.00,0.47,Matches,986c0cad
290,Paul-Vincent Manske,de GER,DF,Meppen,21-143,2001,1,0,9,0.1,0,0,0,0,0,0,0,0.00,0.00,0.00,0.00,0.00,Matches,86ad4a0f
291,Luca Marseiler,de GER,MF,Viktoria Köln,25-319,1997,6,0,131,1.5,0,1,0,0,0,0,0,0.00,0.69,0.69,0.00,0.69,Matches,a31fbb72
292,Dominik Martinović,de GER,FWMF,SV Waldhof,25-284,1997,16,15,1118,12.4,4,1,4,0,0,1,0,0.32,0.08,0.40,0.32,0.40,Matches,0e27ea58
293,Niklas May,de GER,DF,Viktoria Köln,20-268,2002,14,12,1069,11.9,0,0,0,0,0,3,0,0.00,0.00,0.00,0.00,0.00,Matches,c8dc5cb0
294,Lukas Mazagg,it ITA,DF,Meppen,23-009,1999,5,0,88,1.0,0,0,0,0,0,1,0,0.00,0.00,0.00,0.00,0.00,Matches,8efa4271
295,Adrian Małachowski,pl POL,MF,SV Waldhof,24-299,1998,9,2,260,2.9,0,0,0,0,0,0,0,0.00,0.00,0.00,0.00,0.00,Matches,675156b9
296,Jonathan Meier,de GER,DFMF,Dresden,23-053,1999,16,12,1199,13.3,0,4,0,0,0,4,0,0.00,0.30,0.30,0.00,0.30,Matches,7fd0352e
297,Robin Meißner,de GER,FW,Viktoria Köln,23-087,1999,16,16,1306,14.5,5,0,4,1,1,1,0,0.34,0.00,0.34,0.28,0.28,Matches,cb75e881
298,Kyrylo Melichenko,ua UKR,DF,Dresden,23-210,1999,10,6,589,6.5,0,0,0,0,0,2,0,0.00,0.00,0.00,0.00,0.00,Matches,e06a25ea
299,Luca-Falk Menke,de GER,DF,Elversberg,22-199,2000,7,3,286,3.2,0,0,0,0,0,1,0,0.00,0.00,0.00,0.00,0.00,Matches,f75e3a6e
300,Daniel Mesenhöler,de GER,GK,Hallescher,27-163,1995,2,2,180,2.0,0,0,0,0,0,0,0,0.00,0.00,0.00,0.00,0.00,Matches,0e4c13d2
301,Falko Michel,de GER,MFFW,Dortmund II,21-354,2001,15,8,747,8.3,0,0,0,0,0,5,0,0.00,0.00,0.00,0.00,0.00,Matches,303c9f83
302,Jonas Michelbrink,de GER,MF,MSV Duisburg,21-194,2001,6,6,337,3.7,0,1,0,0,0,0,0,0.00,0.27,0.27,0.00,0.27,Matches,f95d2f9d
303,Sebastian Mielitz,de GER,GK,VfB Oldenburg,33-169,1989,7,7,630,7.0,0,0,0,0,0,0,0,0.00,0.00,0.00,0.00,0.00,Matches,51d90d26
304,Daniel Mikic,de GER,DF,Verl,30-181,1992,16,16,1382,15.4,0,0,0,0,0,2,0,0.00,0.00,0.00,0.00,0.00,Matches,eed50dff
305,Tobias Mißner,de GER,DF,Elversberg,22-320,2000,1,0,2,0.0,0,0,0,0,0,0,0,0.00,0.00,0.00,0.00,0.00,Matches,5615e030
306,Sascha Mockenhaupt,de GER,DF,Wehen,31-115,1991,13,10,1008,11.2,0,1,0,0,0,0,0,0.00,0.09,0.09,0.00,0.09,Matches,1b6ef8cd
307,Baran Mogultay,de GER,DFMF,MSV Duisburg,18-230,2004,8,6,493,5.5,0,0,0,0,0,0,0,0.00,0.00,0.00,0.00,0.00,Matches,e92d7e33
308,Yannik Möker,de GER,MF,Zwickau,23-160,1999,4,1,139,1.5,0,0,0,0,0,0,0,0.00,0.00,0.00,0.00,0.00,Matches,5875e5f7
309,Quirin Moll,de GER,MF,1860 Munich,31-347,1991,10,1,248,2.8,0,2,0,0,0,3,0,0.00,0.73,0.73,0.00,0.73,Matches,0a12c10f
310,Nico Moos,de GER,DF,SpVgg Bayreuth,22-271,2000,6,5,453,5.0,0,0,0,0,0,3,0,0.00,0.00,0.00,0.00,0.00,Matches,1e1e6926
311,Mateu Morey,es ESP,DF,Dortmund II,22-307,2000,1,1,45,0.5,0,0,0,0,0,0,0,0.00,0.00,0.00,0.00,0.00,Matches,5fd5e542
312,Leandro Morgalla,de GER,DF,1860 Munich,18-112,2004,14,13,1223,13.6,0,0,0,0,0,0,0,0.00,0.00,0.00,0.00,0.00,Matches,08273d48
313,Patrick Möschl,at AUT,FWMF,VfB Oldenburg,29-303,1993,6,3,291,3.2,0,0,0,0,0,0,0,0.00,0.00,0.00,0.00,0.00,Matches,deaa6023
314,Sebastian Mrowca,pl POL,MFDF,Wehen,28-352,1994,15,13,1147,12.7,0,0,0,0,0,7,1,0.00,0.00,0.00,0.00,0.00,Matches,b90bc281
315,Sebastian Müller,de GER,FWMF,Hallescher,21-345,2001,15,7,551,6.1,1,0,1,0,0,0,0,0.16,0.00,0.16,0.16,0.16,Matches,d3585b17
316,Sven Müller,de GER,GK,Dresden,26-321,1996,4,4,360,4.0,0,0,0,0,0,0,0,0.00,0.00,0.00,0.00,0.00,Matches,fdc1498c
317,Vincent Müller,de GER,GK,MSV Duisburg,22-133,2000,17,17,1530,17.0,1,0,1,0,0,1,0,0.06,0.00,0.06,0.06,0.06,Matches,d949310a
318,Visar Musliu,mk MKD,DF,Ingolstadt 04,28-051,1994,15,15,1257,14.0,0,0,0,0,0,7,0,0.00,0.00,0.00,0.00,0.00,Matches,9d1f0c99
319,Valdrin Mustafa,xk KVX,FW,Elversberg,24-298,1998,16,3,429,4.8,3,2,3,0,1,1,0,0.63,0.42,1.05,0.63,1.05,Matches,bc0381b9
320,Suheyel Najar,tn TUN,MF,Wehen,27-082,1995,7,0,54,0.6,1,0,1,0,0,0,0,1.67,0.00,1.67,1.67,1.67,Matches,aac5f431
321,Dimitrij Nazarov,az AZE,MFFW,Erzgebirge Aue,32-274,1990,14,10,956,10.6,1,0,1,0,0,5,0,0.09,0.00,0.09,0.09,0.09,Matches,9cc1d55d
322,Dominique Ndure,de GER,DFMF,VfB Oldenburg,23-070,1999,17,17,1523,16.9,0,0,0,0,0,4,0,0.00,0.00,0.00,0.00,0.00,Matches,aa6e10d0
323,Maurice Neubauer,de GER,DF,Elversberg,26-249,1996,17,17,1528,17.0,0,1,0,0,0,1,0,0.00,0.06,0.06,0.00,0.06,Matches,7793386d
324,Maximilian Neuberger,de GER,DF,Ingolstadt 04,22-286,2000,1,0,11,0.1,0,0,0,0,0,0,0,0.00,0.00,0.00,0.00,0.00,Matches,9633060a
325,Richard Neudecker,de GER,MF,Saarbrücken,26-066,1996,16,16,1344,14.9,1,6,1,0,0,4,0,0.07,0.40,0.47,0.07,0.47,Matches,412056d4
326,Noel Niemann,de GER,FW,Osnabrück,23-050,1999,11,8,660,7.3,0,3,0,0,0,1,0,0.00,0.41,0.41,0.00,0.41,Matches,e0ff7614
327,Jonas Nietfeld,de GER,FWDF,Hallescher,28-353,1994,15,15,1215,13.5,4,0,4,0,0,4,1,0.30,0.00,0.30,0.30,0.30,Matches,919b1cfa
328,Gustaf Nilsson,se SWE,FW,Wehen,25-225,1997,1,1,84,0.9,1,0,1,0,0,0,0,1.07,0.00,1.07,1.07,1.07,Matches,a7d48b00
329,Justin Njinmah,de GER,FWMF,Dortmund II,22-049,2000,13,11,947,10.5,2,1,1,1,2,0,0,0.19,0.10,0.29,0.10,0.19,Matches,a45241d5
330,Steffen Nkansah,de GER,DF,Erzgebirge Aue,26-271,1996,15,15,1335,14.8,1,0,1,0,0,4,0,0.07,0.00,0.07,0.07,0.07,Matches,80a3affb
331,Alexander Nollenberger,de GER,FWMF,SpVgg Bayreuth,25-213,1997,17,16,1359,15.1,6,2,6,0,0,2,0,0.40,0.13,0.53,0.40,0.53,Matches,07df4e13
332,Hans Nunoo Sarpei,gh GHA,MFDF,Ingolstadt 04,24-134,1998,17,17,1494,16.6,1,0,1,0,0,3,0,0.06,0.00,0.06,0.06,0.06,Matches,9593331d
333,Nico Ochojski,de GER,DF,Verl,23-359,1999,16,14,1144,12.7,1,2,1,0,0,3,0,0.08,0.16,0.24,0.08,0.24,Matches,485e8201
334,Emeka Oduah,de GER,MF,Osnabrück,20-264,2002,8,0,129,1.4,0,0,0,0,0,0,0,0.00,0.00,0.00,0.00,0.00,Matches,4fc1dc27
335,Daniels Ontuzans,lv LVA,FWMF,SC Freiburg II,22-302,2000,8,5,440,4.9,0,0,0,0,0,0,0,0.00,0.00,0.00,0.00,0.00,Matches,b192ff78
336,Yannick Osée,de GER,DF,Meppen,25-204,1997,5,1,176,2.0,0,0,0,0,0,1,0,0.00,0.00,0.00,0.00,0.00,Matches,22934f69
337,Silas Ostrzinski,de GER,GK,Dortmund II,19-045,2003,1,1,90,1.0,0,0,0,0,0,0,0,0.00,0.00,0.00,0.00,0.00,Matches,32a76d05
338,Nick Otto,de GER,DF,Verl,23-221,1999,2,1,81,0.9,0,0,0,0,0,1,0,0.00,0.00,0.00,0.00,0.00,Matches,ef04e180
339,Yari Otto,de GER,FWMF,Verl,23-221,1999,11,8,700,7.8,3,1,3,0,0,3,0,0.39,0.13,0.51,0.39,0.51,Matches,83f55922
340,Can Özkan,de GER,MF,Dortmund II,23-032,1999,11,9,834,9.3,0,0,0,0,0,5,0,0.00,0.00,0.00,0.00,0.00,Matches,8b66b2f1
341,Torge Paetow,de GER,DF,Verl,27-142,1995,12,10,979,10.9,0,1,0,0,0,2,0,0.00,0.09,0.09,0.00,0.09,Matches,770c2e14
342,Federico Palacios Martínez,de GER,FW,Viktoria Köln,27-269,1995,5,1,119,1.3,0,0,0,0,0,0,0,0.00,0.00,0.00,0.00,0.00,Matches,434cf5b7
343,Antonios Papadopoulos,de GER,DFMF,Dortmund II,23-115,1999,8,8,720,8.0,0,1,0,0,0,5,0,0.00,0.12,0.12,0.00,0.12,Matches,13d23b29
344,Marco Pašalić,hr CRO,MF,Dortmund II,22-111,2000,13,11,789,8.8,3,0,3,0,0,4,0,0.34,0.00,0.34,0.34,0.34,Matches,1866b0f1
345,Mirnes Pepić,me MNE,MF,Meppen,27-015,1995,15,14,1114,12.4,0,0,0,0,0,3,0,0.00,0.00,0.00,0.00,0.00,Matches,e7a04c67
346,Franz Pfanne,de GER,MFDF,Dortmund II,28-024,1994,17,17,1427,15.9,0,0,0,0,0,4,0,0.00,0.00,0.00,0.00,0.00,Matches,adecc21d
347,David Philipp,de GER,MFFW,Viktoria Köln,22-268,2000,14,9,722,8.0,1,0,1,0,0,2,0,0.12,0.00,0.12,0.12,0.12,Matches,da3652e2
348,Laurin von Piechowski,de GER,DF,Elversberg,28-315,1994,7,5,474,5.3,0,0,0,0,0,0,0,0.00,0.00,0.00,0.00,0.00,Matches,c14ee6ab
349,Lukas Pinckert,de GER,DFMF,Elversberg,22-346,2000,12,5,603,6.7,1,2,1,0,0,1,0,0.15,0.30,0.45,0.15,0.45,Matches,f14e81d2
350,Marcus Piossek,pl POL,MF,Meppen,33-166,1989,11,5,391,4.3,0,0,0,0,0,0,0,0.00,0.00,0.00,0.00,0.00,Matches,6839769f
351,Justin Plautz,de GER,DFMF,VfB Oldenburg,23-269,1999,16,12,1122,12.5,0,1,0,0,0,4,0,0.00,0.08,0.08,0.00,0.08,Matches,2d9473f3
352,Sandro Plechaty,de GER,DF,Rot-Weiss Essen,25-132,1997,4,2,131,1.5,0,0,0,0,0,1,0,0.00,0.00,0.00,0.00,0.00,Matches,f10d3451
353,Ole Pohlmann,de GER,MFFW,Dortmund II,21-273,2001,15,10,916,10.2,1,2,1,0,0,0,0,0.10,0.20,0.29,0.10,0.29,Matches,822b83e8
354,Markus Ponath,de GER,GK,Ingolstadt 04,21-355,2001,1,1,90,1.0,0,0,0,0,0,0,0,0.00,0.00,0.00,0.00,0.00,Matches,875e9149
355,Marvin Pourié,de GER,FW,Meppen,31-360,1991,17,17,1522,16.9,6,3,5,1,1,1,0,0.35,0.18,0.53,0.30,0.47,Matches,10125cc1
356,Rico Preißinger,de GER,MF,Ingolstadt 04,26-166,1996,11,9,712,7.9,0,0,0,0,0,3,1,0.00,0.00,0.00,0.00,0.00,Matches,4b3426e8
357,Eduard Probst,de GER,FWMF,Verl,21-285,2001,7,4,279,3.1,1,1,1,0,0,0,0,0.32,0.32,0.65,0.32,0.65,Matches,5f2773c5
358,Alexander Prokopenko,de GER,FW,SC Freiburg II,20-363,2002,2,0,65,0.7,0,0,0,0,0,0,0,0.00,0.00,0.00,0.00,0.00,Matches,610eaaec
359,Ivan Prtajin,hr CRO,FW,Wehen,26-234,1996,12,10,937,10.4,8,0,8,0,0,3,0,0.77,0.00,0.77,0.77,0.77,Matches,f297a3f1
360,Bjarne Pudel,de GER,DF,Dortmund II,21-239,2001,6,2,280,3.1,0,1,0,0,0,0,0,0.00,0.32,0.32,0.00,0.32,Matches,d080d8b6
361,Presley Pululu,fr FRA,FW,Verl,20-162,2002,5,0,84,0.9,0,0,0,0,0,1,0,0.00,0.00,0.00,0.00,0.00,Matches,d127beeb
362,Kolja Pusch,de GER,MFFW,MSV Duisburg,29-325,1993,13,5,535,5.9,2,2,2,0,0,0,0,0.34,0.34,0.67,0.34,0.67,Matches,81087b78
363,Leandro Putaro,de GER,MFFW,Osnabrück,25-361,1997,14,7,646,7.2,0,0,0,0,0,3,0,0.00,0.00,0.00,0.00,0.00,Matches,a31a01a9
364,Steffen Puttkammer,de GER,DF,Meppen,34-095,1988,9,7,662,7.4,0,0,0,0,0,2,0,0.00,0.00,0.00,0.00,0.00,Matches,62765129
365,Kasim Rabihic,de GER,MFFW,Saarbrücken,29-313,1993,9,6,487,5.4,0,2,0,0,0,1,0,0.00,0.37,0.37,0.00,0.37,Matches,f4e50532
366,Thomas Rausch,de GER,DF,Ingolstadt 04,22-296,2000,5,0,107,1.2,0,0,0,0,0,0,0,0.00,0.00,0.00,0.00,0.00,Matches,837cd384
367,Sören Reddemann,de GER,DFMF,Hallescher,26-232,1996,14,13,1161,12.9,0,0,0,0,0,1,0,0.00,0.00,0.00,0.00,0.00,Matches,5e45adb7
368,Max Reinthaler,it ITA,DF,Wehen,27-287,1995,12,10,943,10.5,1,0,1,0,0,3,0,0.10,0.00,0.10,0.10,0.10,Matches,f1d2a1be
369,Pascal Richter,de GER,MF,VfB Oldenburg,26-085,1996,1,0,19,0.2,0,0,0,0,0,0,0,0.00,0.00,0.00,0.00,0.00,Matches,d3a32768
370,Nico Rieble,de GER,DF,Wehen,27-134,1995,6,2,262,2.9,0,0,0,0,0,0,0,0.00,0.00,0.00,0.00,0.00,Matches,bd8d2b04
371,Julian Riedel,de GER,DF,SV Waldhof,31-146,1991,15,15,1279,14.2,0,1,0,0,0,3,1,0.00,0.07,0.07,0.00,0.07,Matches,282f4bbb
372,Tim Rieder,de GER,MFDF,1860 Munich,29-122,1993,15,15,1299,14.4,2,0,2,0,0,1,1,0.14,0.00,0.14,0.14,0.14,Matches,8f63e400
373,José-Enrique Ríos Alonso,de GER,DF,Rot-Weiss Essen,22-143,2000,12,11,984,10.9,1,0,1,0,0,1,0,0.09,0.00,0.09,0.09,0.09,Matches,4b3a4502
374,Sascha Risch,de GER,MFDF,Meppen,22-265,2000,15,10,891,9.9,2,0,2,0,0,1,0,0.20,0.00,0.20,0.20,0.20,Matches,158f392b
375,Marcel Risse,de GER,MF,Viktoria Köln,33-017,1989,9,7,558,6.2,2,0,0,2,2,1,0,0.32,0.00,0.32,0.00,0.00,Matches,140afefb
376,Calogero Rizzuto,de GER,MFDF,Saarbrücken,30-363,1992,8,8,698,7.8,0,0,0,0,0,2,0,0.00,0.00,0.00,0.00,0.00,Matches,d5487d81
377,Jannik Rochelt,de GER,MF,Elversberg,24-129,1998,17,17,1327,14.7,8,7,8,0,0,2,0,0.54,0.47,1.02,0.54,1.02,Matches,7971c1f1
378,Merlin Röhl,de GER,MF,SC Freiburg II,20-182,2002,7,7,524,5.8,0,1,0,0,0,2,0,0.00,0.17,0.17,0.00,0.17,Matches,1f2c7b55
379,Merlin Röhl,de GER,MF,Ingolstadt 04,20-182,2002,4,4,292,3.2,2,1,2,0,0,2,0,0.62,0.31,0.92,0.62,0.92,Matches,1f2c7b55
380,Moritz Römling,de GER,DFMF,Rot-Weiss Essen,21-248,2001,7,4,375,4.2,0,0,0,0,0,4,1,0.00,0.00,0.00,0.00,0.00,Matches,b5f8aae9
381,Henry Rorig,de GER,DF,Osnabrück,22-306,2000,11,1,257,2.9,0,0,0,0,0,3,0,0.00,0.00,0.00,0.00,0.00,Matches,12100e54
382,Max Rosenfelder,de GER,DF,SC Freiburg II,19-327,2003,2,2,133,1.5,0,1,0,0,0,0,0,0.00,0.68,0.68,0.00,0.68,Matches,b6ceba6b
383,Linus Rosenlöcher,de GER,DFMF,Erzgebirge Aue,22-116,2000,10,7,673,7.5,0,0,0,0,0,0,0,0.00,0.00,0.00,0.00,0.00,Matches,6dfbd243
384,Alexander Rossipal,de GER,DF,SV Waldhof,26-211,1996,13,13,1134,12.6,2,2,1,1,1,0,0,0.16,0.16,0.32,0.08,0.24,Matches,98daa26a
385,Björn Rother,de GER,MF,Rot-Weiss Essen,26-158,1996,13,12,985,10.9,0,0,0,0,0,6,0,0.00,0.00,0.00,0.00,0.00,Matches,bbd26451
386,Stefano Russo,de GER,MF,SV Waldhof,22-188,2000,13,9,906,10.1,1,1,1,0,0,4,0,0.10,0.10,0.20,0.10,0.20,Matches,8667b551
387,Hamza Saghiri,de GER,MF,Viktoria Köln,25-319,1997,17,12,1149,12.8,0,0,0,0,0,1,0,0.00,0.00,0.00,0.00,0.00,Matches,6d3ac0b0
388,Semih Sahin,de GER,MF,Elversberg,23-012,1999,15,12,956,10.6,1,0,1,0,0,1,0,0.09,0.00,0.09,0.09,0.09,Matches,59015175
389,Roland Sallai,hu HUN,FW,SC Freiburg II,25-226,1997,1,1,77,0.9,0,0,0,0,0,1,0,0.00,0.00,0.00,0.00,0.00,Matches,bf075f6b
390,Louis Samson,de GER,MFDF,Hallescher,27-184,1995,6,3,281,3.1,0,0,0,0,0,1,0,0.00,0.00,0.00,0.00,0.00,Matches,695635f2
391,Vinko Sapina,hr CRO,MF,Verl,27-188,1995,14,14,1154,12.8,1,2,0,1,1,3,1,0.08,0.16,0.23,0.00,0.16,Matches,79df51b6
392,Niklas Sauter,de GER,GK,SC Freiburg II,19-272,2003,5,5,450,5.0,0,0,0,0,0,2,0,0.00,0.00,0.00,0.00,0.00,Matches,9c63dd82
393,Linus Schäfer,de GER,MF,VfB Oldenburg,19-211,2003,4,0,56,0.6,0,0,0,0,0,0,0,0.00,0.00,0.00,0.00,0.00,Matches,ef5a11ac
394,Manuel Schäffler,de GER,FW,Dresden,33-331,1989,15,6,752,8.4,4,1,4,0,0,0,0,0.48,0.12,0.60,0.48,0.60,Matches,de8edb3a
395,Robin Scheu,de GER,MF,Saarbrücken,27-321,1995,3,1,96,1.1,0,0,0,0,0,0,0,0.00,0.00,0.00,0.00,0.00,Matches,e0c5a4d5
396,Marco Schikora,de GER,DFMF,Erzgebirge Aue,28-105,1994,16,13,1140,12.7,2,1,2,0,0,3,0,0.16,0.08,0.24,0.16,0.24,Matches,6c24e7aa
397,Marten Schmidt,de GER,FW,VfB Oldenburg,26-344,1996,3,1,134,1.5,0,0,0,0,0,2,0,0.00,0.00,0.00,0.00,0.00,Matches,d4a80460
398,Marten-Heiko Schmidt,de GER,MFFW,VfB Oldenburg,26-344,1996,11,3,338,3.8,0,0,0,0,0,1,0,0.00,0.00,0.00,0.00,0.00,Matches,76413de3
399,Patrick Schmidt,de GER,FWMF,Ingolstadt 04,29-115,1993,17,10,837,9.3,4,1,4,0,0,3,0,0.43,0.11,0.54,0.43,0.54,Matches,c1fa9361
400,Marc Schnatterer,de GER,MF,SV Waldhof,37-046,1985,8,2,229,2.5,0,1,0,0,0,0,0,0.00,0.39,0.39,0.00,0.39,Matches,23efc67c
401,Luca Schnellbacher,de GER,FW,Elversberg,28-242,1994,13,13,1032,11.5,9,3,9,0,0,3,0,0.78,0.26,1.05,0.78,1.05,Matches,b72756f1
402,Sam Schreck,de GER,MF,Erzgebirge Aue,23-339,1999,13,12,1021,11.3,2,0,2,0,0,4,1,0.18,0.00,0.18,0.18,0.18,Matches,64679418
403,Tobias Schröck,de GER,MFDF,Ingolstadt 04,30-003,1992,9,9,705,7.8,0,0,0,0,0,3,0,0.00,0.00,0.00,0.00,0.00,Matches,cc2c720b
404,Leonhard von Schrötter,de GER,DF,Zwickau,23-282,1999,13,4,540,6.0,0,0,0,0,0,0,0,0.00,0.00,0.00,0.00,0.00,Matches,7457538d
405,Edwin Schwarz,de GER,DFMF,SpVgg Bayreuth,28-112,1994,5,5,398,4.4,0,0,0,0,0,0,0,0.00,0.00,0.00,0.00,0.00,Matches,c83f894e
406,Tobias Schwede,de GER,MFDF,Saarbrücken,28-292,1994,13,6,617,6.9,0,0,0,0,0,0,0,0.00,0.00,0.00,0.00,0.00,Matches,467afce9
407,Marcel Seegert,de GER,DF,SV Waldhof,28-249,1994,16,15,1377,15.3,0,0,0,0,0,4,1,0.00,0.00,0.00,0.00,0.00,Matches,e1317dec
408,Lion Semić,de GER,MF,Dortmund II,19-112,2003,7,2,263,2.9,0,0,0,0,0,0,0,0.00,0.00,0.00,0.00,0.00,Matches,87ebd8c9
409,Marvin Senger,de GER,DF,MSV Duisburg,22-362,2000,16,15,1376,15.3,0,0,0,0,0,5,1,0.00,0.00,0.00,0.00,0.00,Matches,2b34d862
410,Hong Seokju,kr KOR,FW,Viktoria Köln,19-241,2003,8,1,151,1.7,1,1,1,0,0,0,0,0.60,0.60,1.19,0.60,1.19,Matches,a4cd6c56
411,Nicolás Sessa,ar ARG,MFFW,Verl,26-286,1996,11,10,591,6.6,1,0,1,0,0,2,0,0.15,0.00,0.15,0.15,0.15,Matches,51900795
412,Noah Shawn Agbaje,de GER,MF,Zwickau,21-194,2001,3,0,103,1.1,0,0,0,0,0,0,0,0.00,0.00,0.00,0.00,0.00,Matches,d8455a1d
413,Jan Shcharbakouski,de GER,FW,Dresden,21-285,2001,1,1,45,0.5,0,0,0,0,0,0,0,0.00,0.00,0.00,0.00,0.00,Matches,11685623
414,Carlo Sickinger,de GER,MF,Elversberg,25-158,1997,3,3,262,2.9,0,0,0,0,0,1,0,0.00,0.00,0.00,0.00,0.00,Matches,3f6ca46e
415,Jamil Siebert,de GER,DF,Viktoria Köln,20-276,2002,14,12,1148,12.8,1,0,1,0,0,2,0,0.08,0.00,0.08,0.08,0.08,Matches,5967328c
416,Omar Sijarić,de GER,MF,Erzgebirge Aue,21-062,2001,5,1,137,1.5,0,0,0,0,0,1,0,0.00,0.00,0.00,0.00,0.00,Matches,160a7441
417,Ba-Muaka Simakala,cg CGO,FWMF,Osnabrück,25-340,1997,17,15,1235,13.7,8,3,5,3,3,3,0,0.58,0.22,0.80,0.36,0.58,Matches,1856cc10
418,Hugo Siquet,be BEL,MFDF,SC Freiburg II,20-178,2002,2,2,172,1.9,0,0,0,0,0,0,0,0.00,0.00,0.00,0.00,0.00,Matches,c6cf860f
419,Meris Skenderović,me MNE,FWMF,1860 Munich,24-281,1998,14,7,636,7.1,4,0,4,0,0,2,0,0.57,0.00,0.57,0.57,0.57,Matches,6257811f
420,Pascal Sohm,de GER,FW,SV Waldhof,31-062,1991,15,6,636,7.1,3,1,3,0,0,0,0,0.42,0.14,0.57,0.42,0.57,Matches,bdca6862
421,Niklas Sommer,de GER,DF,SV Waldhof,24-276,1998,9,2,301,3.3,0,0,0,0,0,2,0,0.00,0.00,0.00,0.00,0.00,Matches,eba32a96
422,Patrick Sontheimer,de GER,MF,Viktoria Köln,24-184,1998,16,16,1360,15.1,1,3,1,0,0,5,0,0.07,0.20,0.26,0.07,0.26,Matches,cbb1efde
423,Alexander Sorge,de GER,DF,Erzgebirge Aue,29-257,1993,12,10,909,10.1,0,0,0,0,0,0,0,0.00,0.00,0.00,0.00,0.00,Matches,d9d0e7c2
424,Meiko Sponsel,de GER,DF,Rot-Weiss Essen,20-309,2002,8,5,481,5.3,0,0,0,0,0,0,0,0.00,0.00,0.00,0.00,0.00,Matches,3bd29d3c
425,Max Sprang,de GER,GK,Zwickau,22-183,2000,3,3,270,3.0,0,0,0,0,0,0,0,0.00,0.00,0.00,0.00,0.00,Matches,c72a33ec
426,Julian Stark,de GER,MFDF,SC Freiburg II,21-301,2001,15,12,990,11.0,1,1,1,0,0,4,1,0.09,0.09,0.18,0.09,0.18,Matches,0ff7b3e7
427,Yannick Stark,de GER,MF,Dresden,32-067,1990,4,0,81,0.9,0,0,0,0,0,0,0,0.00,0.00,0.00,0.00,0.00,Matches,e7f6e9aa
428,Manfred Starke,na NAM,MFFW,VfB Oldenburg,31-316,1991,16,13,1114,12.4,4,1,4,0,0,1,0,0.32,0.08,0.40,0.32,0.40,Matches,fe931c47
429,Dominik Steczyk,pl POL,FW,Hallescher,23-244,1999,12,7,671,7.5,2,1,2,0,0,1,0,0.27,0.13,0.40,0.27,0.40,Matches,ff04f48f
430,Marvin Stefaniak,de GER,MFFW,Erzgebirge Aue,27-334,1995,12,11,926,10.3,3,1,3,0,0,3,0,0.29,0.10,0.39,0.29,0.39,Matches,f53e1fe7
431,Phillipp Steinhart,de GER,DFMF,1860 Munich,30-180,1992,9,9,760,8.4,0,1,0,0,0,2,0,0.00,0.12,0.12,0.00,0.12,Matches,955de575
432,Daniel Steininger,de GER,FWMF,SpVgg Bayreuth,27-265,1995,12,5,596,6.6,1,0,1,0,0,1,0,0.15,0.00,0.15,0.15,0.15,Matches,2291e144
433,Justin Steinkötter,de GER,FW,Saarbrücken,23-099,1999,4,1,180,2.0,1,0,1,0,0,0,0,0.50,0.00,0.50,0.50,0.50,Matches,71e2cfcd
434,Luca Stellwagen,de GER,DF,Verl,24-024,1998,13,11,1011,11.2,1,1,1,0,0,1,0,0.09,0.09,0.18,0.09,0.18,Matches,19ee089c
435,Oliver Steurer,de GER,DF,VfB Oldenburg,27-362,1995,17,17,1512,16.8,1,1,1,0,0,2,0,0.06,0.06,0.12,0.06,0.12,Matches,d0e99423
436,Nikola Stevanović,rs SRB,DF,Ingolstadt 04,24-112,1998,4,2,272,3.0,0,0,0,0,0,0,0,0.00,0.00,0.00,0.00,0.00,Matches,b31b2792
437,Niclas Stierlin,de GER,MF,MSV Duisburg,22-346,2000,12,2,393,4.4,0,0,0,0,0,3,0,0.00,0.00,0.00,0.00,0.00,Matches,ed523095
438,Michel Stöcker,de GER,DF,Verl,23-264,1999,15,13,1175,13.1,0,0,0,0,0,4,0,0.00,0.00,0.00,0.00,0.00,Matches,6e8fca8c
439,Tobias Stockinger,de GER,MFFW,SpVgg Bayreuth,22-284,2000,14,6,477,5.3,0,0,0,0,0,2,0,0.00,0.00,0.00,0.00,0.00,Matches,273701c8
440,Moritz Stoppelkamp,de GER,MF,MSV Duisburg,36-023,1986,17,15,1394,15.5,4,4,3,1,2,4,0,0.26,0.26,0.52,0.19,0.45,Matches,042cac2d
441,Florian Stritzel,de GER,GK,Wehen,28-337,1994,9,9,769,8.5,0,1,0,0,0,0,0,0.00,0.12,0.12,0.00,0.12,Matches,ae7717b9
442,Israel Suero,es ESP,FW,Elversberg,28-266,1994,9,1,203,2.3,2,2,2,0,0,0,0,0.89,0.89,1.77,0.89,1.77,Matches,d03abe50
443,Valmir Sulejmani,xk KVX,MF,Ingolstadt 04,26-336,1996,4,1,65,0.7,0,0,0,0,0,0,0,0.00,0.00,0.00,0.00,0.00,Matches,63923468
444,Adam Sušac,hr CRO,DF,Zwickau,33-228,1989,1,0,45,0.5,0,0,0,0,0,0,0,0.00,0.00,0.00,0.00,0.00,Matches,177df4f0
445,Mario Suver,hr CRO,DF,Dortmund II,23-102,1999,7,4,328,3.6,0,0,0,0,0,3,1,0.00,0.00,0.00,0.00,0.00,Matches,7d36987e
446,Emanuel Taffertshofer,de GER,MF,Wehen,27-313,1995,15,12,1091,12.1,1,1,1,0,0,2,0,0.08,0.08,0.16,0.08,0.16,Matches,221d7f29
447,Ulrich Taffertshofer,de GER,MFDF,Erzgebirge Aue,30-323,1992,14,14,1171,13.0,0,0,0,0,0,3,0,0.00,0.00,0.00,0.00,0.00,Matches,4a8337ca
448,Erik Tallig,de GER,MFDF,1860 Munich,22-358,2000,16,7,806,9.0,0,2,0,0,0,1,0,0.00,0.22,0.22,0.00,0.22,Matches,bb7b929d
449,Niklas Tarnat,de GER,MF,Rot-Weiss Essen,24-222,1998,16,16,1398,15.5,0,3,0,0,0,1,0,0.00,0.19,0.19,0.00,0.19,Matches,468c8df5
450,Borys Tashchy,ua UKR,FWMF,Erzgebirge Aue,29-161,1993,12,6,577,6.4,1,2,1,0,0,1,0,0.16,0.31,0.47,0.16,0.47,Matches,2f3de947
451,Ted Tattermusch,de GER,FW,Dortmund II,21-240,2001,10,2,218,2.4,1,0,1,0,0,0,0,0.41,0.00,0.41,0.41,0.41,Matches,c1dbb669
452,Berkan Taz,de GER,MF,SV Waldhof,24-015,1998,16,11,944,10.5,0,0,0,0,0,1,0,0.00,0.00,0.00,0.00,0.00,Matches,af8ac87e
453,Sinan Tekerci,tr TUR,MF,Elversberg,29-103,1993,10,0,127,1.4,1,0,1,0,0,0,0,0.71,0.00,0.71,0.71,0.71,Matches,cd91444d
454,Robert Tesche,de GER,MF,Osnabrück,35-221,1987,17,17,1496,16.6,2,2,2,0,0,1,0,0.12,0.12,0.24,0.12,0.24,Matches,037130ca
455,Pascal Testroet,de GER,FW,Ingolstadt 04,32-099,1990,17,16,1219,13.5,4,3,2,2,2,0,0,0.30,0.22,0.52,0.15,0.37,Matches,aff86d07
456,Niclas Thiede,de GER,GK,Verl,23-264,1999,17,17,1530,17.0,0,0,0,0,0,0,0,0.00,0.00,0.00,0.00,0.00,Matches,cac55e10
457,Maxi Thiel,de GER,MFFW,Erzgebirge Aue,29-334,1993,12,9,707,7.9,1,2,1,0,0,5,1,0.13,0.25,0.38,0.13,0.38,Matches,59fddac7
458,Bjarne Thoelke,de GER,DF,Saarbrücken,30-267,1992,13,13,1066,11.8,0,0,0,0,0,3,0,0.00,0.00,0.00,0.00,0.00,Matches,f4597502
459,Martin Thomann,de GER,MF,SpVgg Bayreuth,28-217,1994,7,4,346,3.8,0,0,0,0,0,0,0,0.00,0.00,0.00,0.00,0.00,Matches,1ae3a1b5
460,Jonas Thomas Kersken,de GER,GK,Meppen,22-124,2000,10,10,900,10.0,0,0,0,0,0,1,0,0.00,0.00,0.00,0.00,0.00,Matches,7a45c2be
461,Haktab Traoré,de GER,DF,Osnabrück,24-333,1998,16,16,1269,14.1,1,3,1,0,0,3,0,0.07,0.21,0.28,0.07,0.28,Matches,f44e8a73
462,Maurice Trapp,de GER,DF,Osnabrück,31-003,1991,2,1,91,1.0,0,0,0,0,0,0,0,0.00,0.00,0.00,0.00,0.00,Matches,b1fdc066
463,Philipp Treu,de GER,DFMF,SC Freiburg II,22-031,2000,15,13,1089,12.1,0,2,0,0,0,3,0,0.00,0.17,0.17,0.00,0.17,Matches,047822ad
464,Boné Uaferro,de GER,DF,Saarbrücken,30-364,1992,13,11,955,10.6,2,0,2,0,0,2,0,0.19,0.00,0.19,0.19,0.19,Matches,c969a9e5
465,Luca Unbehaun,de GER,GK,Dortmund II,21-310,2001,6,6,540,6.0,0,0,0,0,0,0,0,0.00,0.00,0.00,0.00,0.00,Matches,78666ade
466,Benjamin Uphoff,de GER,GK,SC Freiburg II,29-148,1993,1,1,90,1.0,0,0,0,0,0,0,0,0.00,0.00,0.00,0.00,0.00,Matches,a9a6fc08
467,Jesper Verlaat,nl NED,DF,1860 Munich,26-213,1996,17,17,1515,16.8,3,0,3,0,0,3,0,0.18,0.00,0.18,0.18,0.18,Matches,a27c5ac4
468,Vincent Vermeij,nl NED,FW,SC Freiburg II,28-147,1994,17,16,1432,15.9,8,0,7,1,1,0,0,0.50,0.00,0.50,0.44,0.44,Matches,7e629adc
469,Sascha Voelcke,de GER,DF,Rot-Weiss Essen,20-314,2002,3,0,13,0.1,0,0,0,0,0,0,0,0.00,0.00,0.00,0.00,0.00,Matches,572f8e05
470,David Vogt,de GER,MF,Meppen,22-030,2000,6,4,344,3.8,0,0,0,0,0,0,0,0.00,0.00,0.00,0.00,0.00,Matches,623ac807
471,Yannic Voigt,de GER,MF,Zwickau,20-068,2002,8,1,196,2.2,1,0,1,0,0,1,0,0.46,0.00,0.46,0.46,0.46,Matches,d9860d27
472,Jannes Vollert,de GER,DF,Hallescher,24-347,1998,14,13,1176,13.1,0,0,0,0,0,4,0,0.00,0.00,0.00,0.00,0.00,Matches,e2a8fc73
473,Albion Vrenezi,xk KVX,MF,1860 Munich,29-091,1993,17,13,1118,12.4,4,3,2,2,2,2,0,0.32,0.24,0.56,0.16,0.40,Matches,27c65858
474,Fridolin Wagner,de GER,MF,SV Waldhof,25-102,1997,13,9,706,7.8,0,3,0,0,0,4,0,0.00,0.38,0.38,0.00,0.38,Matches,cb50e375
475,Noah Wagner,de GER,MF,SC Freiburg II,17-243,2005,1,0,3,0.0,0,0,0,0,0,0,0,0.00,0.00,0.00,0.00,0.00,Matches,4464847e
476,Robert Wagner,de GER,MF,SC Freiburg II,19-173,2003,12,12,1080,12.0,1,0,1,0,0,5,0,0.08,0.00,0.08,0.08,0.08,Matches,e3d3fbeb
477,Wladimir Wagner,de GER,FW,Verl,21-154,2001,2,1,86,1.0,0,0,0,0,0,0,0,0.00,0.00,0.00,0.00,0.00,Matches,61b476a9
478,Felix Weber,de GER,DF,SpVgg Bayreuth,27-350,1995,16,16,1373,15.3,0,1,0,0,0,8,0,0.00,0.07,0.07,0.00,0.07,Matches,1b6f8ad3
479,Tobias Weber,de GER,DFMF,SpVgg Bayreuth,27-193,1995,9,6,600,6.7,0,0,0,0,0,2,0,0.00,0.00,0.00,0.00,0.00,Matches,60a1ed54
480,Max Wegner,de GER,FW,VfB Oldenburg,33-285,1989,13,12,1009,11.2,5,2,4,1,1,3,0,0.45,0.18,0.62,0.36,0.54,Matches,d93830d6
481,Patrick Weihrauch,de GER,MFFW,Dresden,28-306,1994,17,6,740,8.2,1,2,1,0,0,1,0,0.12,0.24,0.36,0.12,0.36,Matches,d90486d2
482,Patrick Weimar,de GER,DF,SpVgg Bayreuth,27-038,1995,1,0,4,0.0,0,0,0,0,0,0,0,0.00,0.00,0.00,0.00,0.00,Matches,a15e8f74
483,Daniel Wein,de GER,MFDF,1860 Munich,28-332,1994,8,3,375,4.2,0,0,0,0,0,3,0,0.00,0.00,0.00,0.00,0.00,Matches,8b4c3d31
484,Andreas Wiegel,de GER,DFMF,Rot-Weiss Essen,31-166,1991,7,7,475,5.3,1,0,1,0,0,2,1,0.19,0.00,0.19,0.19,0.19,Matches,e7fd476f
485,Oscar Wiklöf,fi FIN,MF,SC Freiburg II,19-339,2003,7,2,294,3.3,2,1,2,0,0,1,0,0.61,0.31,0.92,0.61,0.92,Matches,d94782e6
486,Gordon Wild,de GER,FWMF,MSV Duisburg,27-079,1995,5,0,21,0.2,0,0,0,0,0,0,0,0.00,0.00,0.00,0.00,0.00,Matches,9ca33c53
487,Paul Will,de GER,MFFW,Dresden,23-308,1999,16,14,1287,14.3,1,0,1,0,0,4,0,0.07,0.00,0.07,0.07,0.07,Matches,14af7b90
488,Marius Willsch,de GER,MF,1860 Munich,31-291,1991,5,1,127,1.4,0,0,0,0,0,0,0,0.00,0.00,0.00,0.00,0.00,Matches,d2898ff0
489,Marten Winkler,de GER,MFFW,SV Waldhof,20-064,2002,12,6,502,5.6,2,2,2,0,0,3,0,0.36,0.36,0.72,0.36,0.72,Matches,e0d515ef
490,Maximilian Wolfram,de GER,FW,Verl,25-316,1997,17,13,1103,12.3,2,3,2,0,1,3,0,0.16,0.24,0.41,0.16,0.41,Matches,976f4d6b
491,Luca Wollschläger,de GER,FW,Rot-Weiss Essen,19-329,2003,3,0,44,0.5,0,0,0,0,0,0,0,0.00,0.00,0.00,0.00,0.00,Matches,24b8e7bd
492,Nick Woltemade,de GER,FWMF,Elversberg,20-323,2002,11,5,512,5.7,2,2,2,0,0,1,0,0.35,0.35,0.70,0.35,0.70,Matches,7ca196eb
493,Marius Wörl,de GER,MF,1860 Munich,18-273,2004,6,4,320,3.6,0,0,0,0,0,0,0,0.00,0.00,0.00,0.00,0.00,Matches,4a0801b7
494,Joscha Wosz,de GER,MF,Verl,20-167,2002,7,0,62,0.7,1,0,1,0,0,1,0,1.45,0.00,1.45,1.45,1.45,Matches,80c9e555
495,Jannes Wulff,de GER,MFFW,Osnabrück,23-111,1999,12,3,387,4.3,2,0,2,0,0,0,0,0.47,0.00,0.47,0.47,0.47,Matches,a83c0d16
496,Johannes Wurtz,de GER,FWMF,Wehen,30-198,1992,15,15,1065,11.8,2,3,2,0,0,3,0,0.17,0.25,0.42,0.17,0.42,Matches,c756d718
497,Isaiah Young,us USA,MFFW,Rot-Weiss Essen,24-279,1998,17,14,1247,13.9,2,2,2,0,0,1,0,0.14,0.14,0.29,0.14,0.29,Matches,4beb59a6
498,Jannik Zahmel,de GER,FW,Osnabrück,19-264,2003,1,0,7,0.1,0,0,0,0,0,0,0,0.00,0.00,0.00,0.00,0.00,Matches,26b13850
499,Manuel Zeitz,de GER,MF,Saarbrücken,32-155,1990,11,5,421,4.7,0,0,0,0,0,0,0,0.00,0.00,0.00,0.00,0.00,Matches,1f87e460
500,Eroll Zejnullahu,xk KVX,MFFW,SpVgg Bayreuth,28-076,1994,13,8,702,7.8,0,3,0,0,0,1,1,0.00,0.38,0.38,0.00,0.38,Matches,28dbcf6f
501,Steven Zellner,de GER,DF,Saarbrücken,31-295,1991,15,9,962,10.7,0,0,0,0,0,0,0,0.00,0.00,0.00,0.00,0.00,Matches,03ac019e
502,Robin Ziegele,de GER,DF,Zwickau,25-296,1997,14,14,1214,13.5,0,0,0,0,0,5,1,0.00,0.00,0.00,0.00,0.00,Matches,d7091413
503,Markus Ziereis,de GER,FW,SpVgg Bayreuth,30-130,1992,16,5,595,6.6,3,0,3,0,0,1,0,0.45,0.00,0.45,0.45,0.45,Matches,11f6148e
504,Robert Ziętarski,pl POL,MF,VfB Oldenburg,29-197,1993,15,13,1124,12.5,2,2,2,0,0,6,0,0.16,0.16,0.32,0.16,0.32,Matches,e80d20c3
505,Tom Zimmerschied,de GER,MFFW,Hallescher,24-103,1998,17,16,1341,14.9,6,1,6,0,0,4,0,0.40,0.07,0.47,0.40,0.47,Matches,34407a13
506,Nikos Zografakis,gr GRE,FW,Verl,23-180,1999,6,1,146,1.6,0,0,0,0,0,0,0,0.00,0.00,0.00,0.00,0.00,Matches,96081b1a